sellIndia,avg,count
"P@[,HARAMI,SPINNINGTOP,HIGHWAVE,SHORTLINE]",-21.81537598204265,1
"P@[,BELTHOLD,ENGULFING,LONGLINE]V@[,AD:OBV]",-18.848725639169174,4
"M@[,CROSSOVER-MACD]P@[,SPINNINGTOP,3OUTSIDE,SHORTLINE]",-14.919561430474438,1
"P@[,EVENINGSTAR,LONGLINE]O@[,CROSSOVER21]",-9.836388724620546,1
"M@[,ADXR20]P@[,EVENINGSTAR,LONGLINE]",-8.435072142064367,2
"M@[,AROON]P@[,BELTHOLD,ENGULFING,LONGLINE]O@[,CROSSOVER21]",-7.161201696231252,1
"M@[,ADXR40]P@[,HIKKAKE,SHORTLINE]",-5.814627851631692,2
"M@[,CROSSOVER-MACD]P@[,EVENINGSTAR,EVENINGDOJISTAR,LONGLINE]",-5.542168674698789,1
"M@[,ADXR20]P@[,LONGLINE]O@[,CROSSOVER21]",-5.504357727850041,2
"M@[,APO,AROON,CROSSOVER-MACD]P@[,MARUBOZU,BELTHOLD,CLOSINGMARUBOZU,LONGLINE]",-5.318039624608977,1
"M@[,CROSSOVER-MACD]P@[,BELTHOLD,3INSIDE]",-5.068554845939191,2
"M@[,RSI]P@[,CLOSINGMARUBOZU,EVENINGSTAR,LONGLINE]",-4.848071013997955,1
"M@[,RSI]P@[,MARUBOZU,BELTHOLD,ENGULFING,CLOSINGMARUBOZU,EVENINGSTAR,LONGLINE]",-4.694545133056309,1
"M@[,APO]P@[,EVENINGSTAR]",-4.529135597901141,1
"P@[,BELTHOLD,3INSIDE,SEPARATINGLINES]",-4.511707595659627,1
"M@[,APO,CROSSOVER-MACD]P@[,EVENINGSTAR,EVENINGDOJISTAR,LONGLINE]",-4.398563734290849,1
"P@[,MARUBOZU,BELTHOLD,ENGULFING,CLOSINGMARUBOZU,EVENINGSTAR,EVENINGDOJISTAR,LONGLINE]",-4.293999553870176,1
"M@[,APO]P@[,BELTHOLD,LONGLINE,UPSIDEGAP2CROWS]",-4.272183784509984,1
"P@[,MARUBOZU,BELTHOLD,CLOSINGMARUBOZU,DARKCLOUDCOVER,HIKKAKE,LONGLINE]",-4.254508509017018,1
"M@[,AROON,CROSSOVER-MACD]P@[,MARUBOZU,BELTHOLD,CLOSINGMARUBOZU,3BLACKCROWS,LONGLINE]",-4.171817058096415,1
"M@[,RSI]P@[,EVENINGSTAR,LONGLINE]",-4.165627338488399,1
"M@[,ADXR20]P@[,COUNTERATTACK,LONGLINE]",-4.121940747101769,1
"P@[,EVENINGSTAR,2CROWS,LONGLINE]",-4.0703775674537335,11
"M@[,AROON]P@[,HIKKAKE,LONGLINE]",-4.054592548316391,1
"M@[,ADXR20]P@[,SPINNINGTOP,3OUTSIDE,SHORTLINE]",-3.977006500083804,2
"M@[,RSI]P@[,ENGULFING,CLOSINGMARUBOZU,LONGLINE]",-3.885601152151292,3
"M@[,APO]P@[,SPINNINGTOP,3OUTSIDE]",-3.8523041139700536,1
"M@[,RSI]P@[,MARUBOZU,BELTHOLD,CLOSINGMARUBOZU,EVENINGSTAR,EVENINGDOJISTAR,LONGLINE]",-3.787878787878788,1
"M@[,APO]P@[,DARKCLOUDCOVER,LONGLINE]",-3.73766686012769,1
"M@[,ADXR20]P@[,SPINNINGTOP,3OUTSIDE,HIGHWAVE]",-3.661040145985391,1
"P@[,ENGULFING,CLOSINGMARUBOZU]O@[,CROSSOVER21]",-3.487907723336835,2
"P@[,EVENINGSTAR,EVENINGDOJISTAR]O@[,CROSSOVER21]",-3.277310924369753,1
"M@[,RSI]P@[,DARKCLOUDCOVER,LONGLINE]",-3.180503923998343,1
"M@[,ADXR20,APO,AROON]P@[,BELTHOLD,LONGLINE]",-3.1213872832369973,1
"P@[,HIKKAKE,HIKKAKEMOD,SHORTLINE]",-3.1032731038398715,2
"M@[,AROON]P@[,MARUBOZU,BELTHOLD,ENGULFING,CLOSINGMARUBOZU,HIKKAKE,LONGLINE]",-3.0169389596070983,1
"M@[,APO,AROON]P@[,SPINNINGTOP]",-3.0011683806809724,2
"M@[,CROSSOVER-MACD]P@[,HARAMI,SPINNINGTOP,HIGHWAVE]",-2.985166872682321,1
"M@[,RSI,CCI]P@[,THRUSTING]",-2.9069767441860463,1
"M@[,APO,AROON]P@[,CLOSINGMARUBOZU,LONGLINE]",-2.9006431290195596,1
"M@[,AROON,CROSSOVER-MACD]P@[,HARAMI,SHORTLINE]",-2.7422728329072767,1
"M@[,CROSSOVER-MACD]P@[,BELTHOLD,LONGLINE,RISEFALL3METHODS]",-2.6607538802660753,1
"M@[,AROON,CROSSOVER-MACD]P@[,BELTHOLD,EVENINGSTAR,EVENINGDOJISTAR,LONGLINE]",-2.6415470494417863,1
"M@[,APO,CROSSOVER-MACD]P@[,BELTHOLD,DARKCLOUDCOVER,LONGLINE]",-2.6136363636363633,1
"M@[,RSI]P@[,EVENINGSTAR,EVENINGDOJISTAR,LONGLINE]",-2.6039987100935327,1
"M@[,CROSSOVER-MACD]P@[,CLOSINGMARUBOZU,3INSIDE,LONGLINE]",-2.593400950057765,1
"P@[,CLOSINGMARUBOZU,3BLACKCROWS,LONGLINE]",-2.583586626139822,1
"M@[,ADXR20,APO]P@[,CLOSINGMARUBOZU,LONGLINE]",-2.528334786399307,1
"M@[,CROSSOVER-MACD]P@[,BELTHOLD,EVENINGSTAR,EVENINGDOJISTAR,LONGLINE]",-2.518443144238116,1
"M@[,AROON]P@[,BELTHOLD,3INSIDE]",-2.4935314247558638,1
"M@[,APO,CROSSOVER-MACD]P@[,ENGULFING,LONGLINE]",-2.492627830634839,1
"M@[,APO]P@[,SPINNINGTOP,3OUTSIDE,HIGHWAVE]",-2.469917669411023,1
"M@[,AROON,CROSSOVER-MACD]P@[,BELTHOLD,3OUTSIDE]",-2.4521919870084865,6
"P@[,CLOSINGMARUBOZU,DARKCLOUDCOVER]",-2.392224556237431,2
"M@[,ADXR40,CROSSOVER-MACD]P@[,3BLACKCROWS,SHORTLINE]",-2.3904382470119487,1
"M@[,ADXR40]P@[,MARUBOZU,BELTHOLD,ENGULFING,CLOSINGMARUBOZU,LONGLINE]",-2.382075080258105,2
"M@[,AROON]P@[,CLOSINGMARUBOZU,3OUTSIDE,LONGLINE]",-2.325754438931392,3
"M@[,AROON,CROSSOVER-MACD]P@[,ENGULFING,LONGLINE]",-2.289732204538785,4
"M@[,CROSSOVER-MACD]P@[,BELTHOLD,COUNTERATTACK]",-2.2592152199762254,1
"P@[,BELTHOLD,ENGULFING,3INSIDE,LONGLINE]",-2.2514797476908726,4
"P@[,SHORTLINE]O@[,CROSSOVER21,CROSSOVER50]",-2.2485335650662663,1
"M@[,CROSSOVER-MACD]P@[,EVENINGSTAR]",-2.2308778922923684,4
"M@[,RSI]P@[,HIKKAKE]",-2.0338679596803755,2
"M@[,CROSSOVER-MACD]P@[,3OUTSIDE,LONGLINE]",-2.031198165673828,33
"M@[,APO]P@[,3OUTSIDE,SHORTLINE]",-2.0030739015558576,12
"P@[,MARUBOZU,BELTHOLD,CLOSINGMARUBOZU,EVENINGSTAR,2CROWS,LONGLINE]",-1.961251455536929,2
"M@[,RSI]P@[,COUNTERATTACK,LONGLINE]",-1.94701862772629,1
"M@[,AROON]P@[,LONGLINE]O@[,CROSSOVER21]",-1.9444393400380768,5
"M@[,CROSSOVER-MACD]P@[,BELTHOLD,3OUTSIDE]V@[,AD:OBV]",-1.8970997218911312,1
"M@[,RSI]P@[,BELTHOLD,ENGULFING,LONGLINE,SEPARATINGLINES]",-1.869221944800597,1
"M@[,RSI]P@[,ENGULFING,SPINNINGTOP]",-1.8529076396807298,1
"M@[,APO]P@[,CLOSINGMARUBOZU,3OUTSIDE]",-1.8255578093306402,1
"M@[,AROON]P@[,BELTHOLD,LONGLINE]V@[,AD:OBV]",-1.8240332011805704,2
"P@[,INNECK]",-1.8127558982155252,12
"P@[,BELTHOLD,EVENINGSTAR,EVENINGDOJISTAR,2CROWS,LONGLINE]",-1.78248687635624,2
"M@[,APO]P@[,ENGULFING,SPINNINGTOP]",-1.7297227903564278,2
"M@[,APO]P@[,BELTHOLD,ENGULFING,EVENINGSTAR,LONGLINE]",-1.7290160326941213,1
"M@[,RSI]P@[,BELTHOLD,EVENINGSTAR,2CROWS,LONGLINE]",-1.7117964648363213,2
"M@[,ADXR20]P@[,HARAMI,SPINNINGTOP,SHORTLINE]",-1.706150836774611,1
"M@[,APO]P@[,LONGLINE]O@[,CROSSOVER21]",-1.7023015116437425,1
"M@[,CROSSOVER-MACD,RSI]P@[,BELTHOLD,LONGLINE]",-1.6919035324095448,2
"P@[,ENGULFING,3INSIDE]",-1.6750072344971558,4
"M@[,ADXR40]P@[,SHOOTINGSTAR]",-1.6749660479855215,1
"M@[,CROSSOVER-MACD]P@[,EVENINGSTAR,EVENINGDOJISTAR,2CROWS,LONGLINE]",-1.6749110474702729,1
"P@[,BELTHOLD,COUNTERATTACK]",-1.6350717166031505,2
"M@[,APO]P@[,ENGULFING,CLOSINGMARUBOZU,HIKKAKE,LONGLINE]",-1.6129032258064515,1
"M@[,ADXR40,CROSSOVER-MACD,RSI]P@[,BELTHOLD,ENGULFING,LONGLINE]",-1.5956120668162581,1
"P@[,BELTHOLD,3INSIDE,LONGLINE,SEPARATINGLINES]",-1.5812097021799132,1
"M@[,AROON]P@[,ENGULFING,CLOSINGMARUBOZU,LONGLINE]",-1.574370607449794,10
"M@[,CCI]P@[,SHOOTINGSTAR]",-1.5718908922792443,1
"M@[,APO,AROON]P@[,ENGULFING]",-1.5432098765432098,1
"M@[,AROON]P@[,LONGLINE]O@[,CROSSOVER50]",-1.535605554317957,1
"M@[,AROON,CROSSOVER-MACD]P@[,BELTHOLD,EVENINGSTAR]",-1.468736886277801,1
"M@[,APO]P@[,ENGULFING,LONGLINE]O@[,CROSSOVER50]",-1.432863415761495,1
"P@[,MARUBOZU,BELTHOLD,CLOSINGMARUBOZU,LONGLINE]O@[,CROSSOVER21]",-1.43038860247769,12
"P@[,BELTHOLD,2CROWS]",-1.4250333995174638,3
"M@[,RSI]P@[,LONGLINE]V@[,AD:OBV]",-1.4244334639632028,1
"M@[,RSI]P@[,BELTHOLD,ENGULFING]V@[,AD:OBV]",-1.3953488372093024,1
"P@[,CLOSINGMARUBOZU,EVENINGDOJISTAR,LONGLINE]",-1.3825485848441401,1
"M@[,AROON,CROSSOVER-MACD]P@[,BELTHOLD,3OUTSIDE,LONGLINE]",-1.375502333598329,5
"M@[,ADXR20]P@[,HARAMI,SPINNINGTOP]",-1.3725660986062842,2
"P@[,BELTHOLD,ENGULFING,SEPARATINGLINES]",-1.3559322033898276,1
"M@[,AROON,CROSSOVER-MACD]P@[,SPINNINGTOP,HIGHWAVE]O@[,CROSSOVER21]",-1.3435700575815792,1
"M@[,ADXR40,RSI]P@[,BELTHOLD]",-1.3430522872065582,1
"M@[,APO]P@[,HIKKAKE,SHORTLINE]",-1.340294231807886,3
"M@[,APO,AROON]P@[,LONGLINE]O@[,CROSSOVER21]",-1.337300851718652,2
"M@[,CCI]P@[,INNECK]",-1.3338095665319623,2
"M@[,CROSSOVER-MACD,RSI]P@[,MARUBOZU,BELTHOLD,CLOSINGMARUBOZU,LONGLINE]",-1.3272954403497814,1
"M@[,ADXR40]P@[,SPINNINGTOP,HIGHWAVE]",-1.3260635433494763,1
"M@[,ADXR20]P@[,CLOSINGMARUBOZU,EVENINGSTAR,EVENINGDOJISTAR]",-1.3167973737005256,1
"M@[,RSI]P@[,BELTHOLD,EVENINGSTAR]",-1.3048016701461378,1
"P@[,3OUTSIDE,SHORTLINE]O@[,CROSSOVER21]",-1.2843803929267956,6
"P@[,3INSIDE,LONGLINE]O@[,CROSSOVER50]",-1.2706136793728033,1
"P@[,LONGLINE]V@[,AD]",-1.2602449986780675,1
"M@[,AROON,CROSSOVER-MACD]P@[,MARUBOZU,BELTHOLD,CLOSINGMARUBOZU,LONGLINE]",-1.2566630056745904,14
"M@[,ADXR20,AROON]P@[,ENGULFING,LONGLINE]",-1.2515934639007857,1
"M@[,CROSSOVER-MACD]P@[,BELTHOLD,ENGULFING,EVENINGSTAR,LONGLINE]",-1.2499183087752193,2
"M@[,RSI]P@[,ENGULFING,LONGLINE]",-1.2434793005453688,21
"M@[,RSI]P@[,BELTHOLD,DARKCLOUDCOVER]",-1.2431284854069728,2
"M@[,APO,CROSSOVER-MACD]P@[,BELTHOLD]",-1.230986219871201,2
"M@[,AROON]P@[,ENGULFING,HIKKAKE,SHORTLINE]",-1.2235329985570624,2
"P@[,BELTHOLD,3INSIDE,LONGLINE]O@[,CROSSOVER21]",-1.2184115523465653,1
"P@[,SPINNINGTOP]O@[,CROSSOVER50]",-1.1931887412432556,3
"M@[,ADXR40,RSI]P@[,ENGULFING,SPINNINGTOP]",-1.18757612667478,1
"P@[,ENGULFING,CLOSINGMARUBOZU,HIKKAKE]",-1.1868002530136972,3
"M@[,CROSSOVER-MACD]P@[,HIKKAKE,LONGLINE]",-1.17519021283244,2
"M@[,ADXR20]P@[,3INSIDE]",-1.1678131498960276,1
"M@[,APO]P@[,BELTHOLD,3OUTSIDE,LONGLINE]O@[,CROSSOVER21]",-1.1586347747535446,1
"M@[,APO]P@[,BELTHOLD,DARKCLOUDCOVER,LONGLINE]",-1.157742402315488,1
"P@[,MARUBOZU,BELTHOLD,CLOSINGMARUBOZU,LONGLINE,SEPARATINGLINES]",-1.1526720925073994,7
"P@[,MARUBOZU,BELTHOLD,CLOSINGMARUBOZU,EVENINGSTAR,LONGLINE]",-1.151842148691807,12
"P@[,ENGULFING,LONGLINE]O@[,CROSSOVER50]",-1.1511490544419414,4
"M@[,ADXR40]P@[,MARUBOZU,BELTHOLD,ENGULFING,CLOSINGMARUBOZU,LONGLINE]O@[,CROSSOVER50]",-1.143382836115118,1
"P@[,BELTHOLD,3OUTSIDE,LONGLINE]O@[,CROSSOVER21]",-1.1371398722224346,1
"P@[,BELTHOLD]V@[,AD:OBV]",-1.1284443070099424,4
"P@[,LONGLINE]V@[,AD:OBV]",-1.12562920286812,6
"M@[,AROON]P@[,MARUBOZU,BELTHOLD,ENGULFING,CLOSINGMARUBOZU,LONGLINE]",-1.111848773804059,8
"M@[,CROSSOVER-MACD,RSI]P@[,BELTHOLD,ENGULFING,LONGLINE]",-1.101130107215303,1
"M@[,ADXR40,RSI]P@[,SHORTLINE]",-1.0958101377087632,1
"M@[,ADXR20]P@[,ENGULFING,HIKKAKE,HIKKAKEMOD]",-1.0953644627632468,1
"M@[,APO]P@[,BELTHOLD,3INSIDE,LONGLINE]",-1.0851871947911014,1
"M@[,APO]P@[,HARAMI,SPINNINGTOP,SHORTLINE]",-1.0697032436162819,1
"P@[,CLOSINGMARUBOZU,3INSIDE,LONGLINE]",-1.068493367324342,4
"M@[,ADXR40,RSI]P@[,BELTHOLD,DARKCLOUDCOVER,LONGLINE]",-1.0626185958254242,1
"M@[,AROON]P@[,ENGULFING,CLOSINGMARUBOZU,EVENINGSTAR,EVENINGDOJISTAR,LONGLINE]",-1.0617503546969345,1
"P@[,ENGULFING,SHORTLINE]V@[,AD:OBV]",-1.0584545616286387,2
"P@[,CLOSINGMARUBOZU,HIKKAKE]",-1.05744498428122,1
"M@[,CROSSOVER-MACD]P@[,SPINNINGTOP,HIGHWAVE,HIKKAKE]",-1.047297297297292,1
"P@[,MARUBOZU,BELTHOLD,ENGULFING,CLOSINGMARUBOZU,HIKKAKE,LONGLINE]",-1.0468825571597749,5
"M@[,AROON]P@[,HARAMI,SPINNINGTOP,HIGHWAVE]",-1.0355029585798743,1
"M@[,AROON,CROSSOVER-MACD]P@[,3OUTSIDE,LONGLINE]",-1.028353090798657,8
"P@[,BELTHOLD,ENGULFING,EVENINGSTAR,EVENINGDOJISTAR,LONGLINE]",-1.0280430894176769,13
"M@[,CROSSOVER-MACD]P@[,ENGULFING,SHORTLINE]O@[,CROSSOVER50]",-1.022392272470674,1
"M@[,ADXR20,CROSSOVER-MACD]P@[,SPINNINGTOP]",-1.0174418604651163,1
"M@[,CROSSOVER-MACD]P@[,BELTHOLD,LONGLINE,RISEFALL3METHODS,SEPARATINGLINES]",-0.9967672413793073,1
"M@[,CROSSOVER-MACD]P@[,SPINNINGTOP]O@[,CROSSOVER50]",-0.9910075243163843,1
"M@[,APO]P@[,BELTHOLD,LONGLINE]O@[,CROSSOVER50]",-0.9841874017910257,2
"M@[,RSI]P@[,SHORTLINE]V@[,AD:OBV]",-0.9816474605207048,1
"M@[,APO,CROSSOVER-MACD]P@[,CLOSINGMARUBOZU,LONGLINE]",-0.9759876065065769,1
"M@[,CROSSOVER-MACD]P@[,BELTHOLD,DARKCLOUDCOVER,LONGLINE]",-0.9677978938867061,3
"M@[,AROON]P@[,BELTHOLD,DARKCLOUDCOVER,LONGLINE]",-0.9523809523809524,1
"P@[,COUNTERATTACK,HIKKAKE,LONGLINE]",-0.9436069235064262,1
"P@[,EVENINGSTAR,2CROWS]",-0.9233610341643583,1
"M@[,ADXR20]P@[,ENGULFING,LONGLINE]",-0.9210327674101146,5
"M@[,CROSSOVER-MACD]P@[,SHOOTINGSTAR]",-0.920810644733518,18
"M@[,CROSSOVER-MACD]P@[,BELTHOLD,EVENINGSTAR]O@[,CROSSOVER21]",-0.9189366590088649,1
"M@[,APO]P@[,ENGULFING]O@[,CROSSOVER50]",-0.9175607001693958,1
"M@[,RSI]P@[,BELTHOLD,2CROWS]",-0.905673726266616,2
"P@[,ENGULFING,SPINNINGTOP,HIGHWAVE]",-0.9010042646423861,6
"M@[,AROON]P@[,BELTHOLD,ENGULFING,3INSIDE]",-0.8985879332477572,1
"P@[,HARAMI,SPINNINGTOP,HIKKAKE]",-0.887860750695646,3
"M@[,RSI]P@[,ENGULFING,EVENINGSTAR,LONGLINE]",-0.8869179600886835,1
"M@[,ADXR20]P@[,ENGULFING,3INSIDE]",-0.8798460269452815,1
"M@[,AROON]P@[,BELTHOLD,ENGULFING,EVENINGSTAR,LONGLINE]",-0.8787346221441126,1
"P@[,IDENTICAL3CROWS,SHORTLINE]O@[,CROSSOVER21]",-0.8736167734420501,1
"P@[,ENGULFING,CLOSINGMARUBOZU,LONGLINE]O@[,CROSSOVER21]",-0.8692530875944539,2
"P@[,CLOSINGMARUBOZU,EVENINGSTAR,LONGLINE]",-0.8624100850721459,3
"M@[,AROON]P@[,EVENINGSTAR,EVENINGDOJISTAR]",-0.8540660972892726,1
"P@[,BELTHOLD,ENGULFING,EVENINGSTAR]",-0.8533067658618492,13
"M@[,CROSSOVER-MACD]P@[,HARAMI,SHORTLINE]",-0.8474445914619436,11
"P@[,HARAMI,SPINNINGTOP,HIGHWAVE,HIKKAKE,SHORTLINE]",-0.8365867261572784,1
"M@[,AROON,CROSSOVER-MACD]P@[,ENGULFING]",-0.8258928512290166,8
"P@[,ENGULFING,3INSIDE,LONGLINE]",-0.8077012333152149,2
"M@[,RSI]P@[,SHOOTINGSTAR,HIKKAKE]",-0.8047054261060689,1
"M@[,CROSSOVER-MACD]P@[,SPINNINGTOP,SHORTLINE,UPSIDEGAP2CROWS]",-0.8022690437601248,1
"M@[,AROON]P@[,CLOSINGMARUBOZU]",-0.793612180646861,12
"M@[,RSI]P@[,2CROWS]",-0.7922976549994177,2
"M@[,AROON]P@[,3INSIDE]",-0.783388847933418,5
"M@[,APO]P@[,BELTHOLD,3OUTSIDE]",-0.7809981806274361,7
"M@[,APO]P@[,MARUBOZU,BELTHOLD,ENGULFING,CLOSINGMARUBOZU,LONGLINE]",-0.7800728911377546,10
"P@[,SHOOTINGSTAR,HIKKAKE]",-0.7799617733510076,58
"M@[,CROSSOVER-MACD,RSI]P@[,SHORTLINE]",-0.7763108951878146,3
"M@[,ADXR20,AROON]P@[,LONGLINE]",-0.7706546787050014,1
"M@[,CROSSOVER-MACD]P@[,BELTHOLD,3OUTSIDE]",-0.7626953756116603,15
"P@[,HARAMI,SPINNINGTOP,HIGHWAVE]",-0.7594457890346618,29
"M@[,APO]P@[,BELTHOLD,ENGULFING,LONGLINE,SEPARATINGLINES]",-0.7588404917286387,1
"M@[,APO]P@[,3OUTSIDE]",-0.7578240233402285,21
"P@[,INNECK,ONNECK]",-0.7575757575757549,1
"M@[,RSI]P@[,HARAMI]",-0.7537070184701828,17
"M@[,APO,AROON,CROSSOVER-MACD]P@[,LONGLINE]",-0.751537235253931,1
"M@[,ADXR40]P@[,3OUTSIDE]",-0.7509997175725234,3
"P@[,SPINNINGTOP,HIGHWAVE,SHORTLINE]",-0.7509990535396692,14
"M@[,ADXR40]P@[,SPINNINGTOP,HIKKAKE]",-0.7441729851165446,1
"M@[,RSI]P@[,BELTHOLD,ENGULFING,EVENINGSTAR,LONGLINE]",-0.7363022357647222,3
"P@[,ENGULFING,CLOSINGMARUBOZU,HIKKAKE,LONGLINE]",-0.7315691253029049,8
"P@[,SPINNINGTOP]O@[,CROSSOVER21]",-0.7173360635748678,10
"M@[,RSI]P@[,CLOSINGMARUBOZU,LONGLINE]",-0.716407520048612,8
"P@[,BELTHOLD,EVENINGSTAR,LONGLINE,SEPARATINGLINES]",-0.714638091548036,5
"M@[,APO]P@[,BELTHOLD,HIKKAKE,LONGLINE]",-0.7090108245477242,2
"P@[,SPINNINGTOP,SHORTLINE]O@[,CROSSOVER50]",-0.7085916740478233,1
"P@[,SPINNINGTOP,3OUTSIDE]O@[,CROSSOVER21]",-0.7067137809187243,1
"M@[,ADXR20]P@[,MARUBOZU,BELTHOLD,CLOSINGMARUBOZU,LONGLINE]",-0.6956286849464496,8
"M@[,APO]P@[,SPINNINGTOP,HIKKAKE]",-0.6951102588686336,1
"M@[,ADXR40]P@[,SHORTLINE]",-0.6918544451116766,17
"P@[,ADVANCEBLOCK]",-0.6783241936728656,18
"M@[,AROON,CROSSOVER-MACD]P@[,LONGLINE]",-0.6767606353097838,23
"P@[,ENGULFING,SHORTLINE]O@[,CROSSOVER50]",-0.6676182229136745,2
"P@[,CLOSINGMARUBOZU,DARKCLOUDCOVER,LONGLINE]V@[,AD:OBV]",-0.6653523903400662,1
"P@[,EVENINGSTAR,EVENINGDOJISTAR]",-0.6594658613039457,21
"M@[,RSI]P@[,BELTHOLD,ENGULFING,3INSIDE,LONGLINE]",-0.6552884758585769,1
"P@[,BELTHOLD,LONGLINE,UPSIDEGAP2CROWS]",-0.6515452695717688,2
"M@[,AROON]P@[,BELTHOLD,EVENINGSTAR,LONGLINE]O@[,CROSSOVER21]",-0.6480793897252353,1
"P@[,CLOSINGMARUBOZU,HIKKAKE,LONGLINE]",-0.6285477550476408,4
"M@[,APO]P@[,HARAMI,SHORTLINE]O@[,CROSSOVER21]",-0.6211476501462477,2
"P@[,SPINNINGTOP,HIKKAKE,SHORTLINE]",-0.6180994206699167,25
"P@[,UPSIDEGAP2CROWS]O@[,CROSSOVER21]",-0.6163021868787322,1
"M@[,ADXR20]P@[,BELTHOLD,EVENINGSTAR,EVENINGDOJISTAR,SEPARATINGLINES]",-0.611564121571547,1
"M@[,CROSSOVER-MACD,RSI]P@[,ENGULFING,LONGLINE]",-0.6074582372461995,1
"M@[,APO]P@[,3INSIDE]",-0.6035716507995657,1
"P@[,ENGULFING]O@[,CROSSOVER21]",-0.6021057825804244,11
"M@[,AROON]P@[,BELTHOLD,LONGLINE]O@[,CROSSOVER21]",-0.5949531337807893,3
"M@[,CROSSOVER-MACD]P@[,BELTHOLD,SEPARATINGLINES]",-0.5911102584882957,5
"P@[,3OUTSIDE]V@[,AD:OBV]",-0.5836575875486427,1
"M@[,CROSSOVER-MACD]P@[,CLOSINGMARUBOZU,DARKCLOUDCOVER,LONGLINE]",-0.582678555663451,1
"P@[,CLOSINGMARUBOZU,LONGLINE]O@[,CROSSOVER21]",-0.5799081702818173,9
"P@[,BELTHOLD,LONGLINE]V@[,AD:OBV]",-0.5776565605235702,12
"M@[,CROSSOVER-MACD]P@[,BELTHOLD,3OUTSIDE,LONGLINE]",-0.5710258490004827,27
"M@[,ADXR40]P@[,BELTHOLD,LONGLINE]",-0.5685958428115074,6
"M@[,APO]P@[,SPINNINGTOP,HIKKAKE,SHORTLINE]",-0.5673069130399545,1
"M@[,RSI]P@[,HARAMI,SPINNINGTOP,SHORTLINE]",-0.5637773079633625,1
"M@[,ADXR20]P@[,SPINNINGTOP,SHORTLINE]",-0.5612704701507792,4
"M@[,CROSSOVER-MACD]P@[,3INSIDE]",-0.5607453929482945,3
"M@[,ADXR20]P@[,BELTHOLD,LONGLINE]",-0.5604590856069113,38
"P@[,CLOSINGMARUBOZU,EVENINGSTAR,2CROWS]",-0.550964187327812,1
"M@[,CROSSOVER-MACD]P@[,ENGULFING]",-0.5479490127596918,76
"M@[,AROON,CROSSOVER-MACD]P@[,BELTHOLD,ENGULFING]",-0.546789962815009,2
"M@[,ADXR40,CROSSOVER-MACD]P@[,BELTHOLD]",-0.5449634161832153,2
"P@[,BELTHOLD,EVENINGSTAR,2CROWS,LONGLINE]",-0.5364220200912331,9
"P@[,BELTHOLD,ENGULFING,SEPARATINGLINES]O@[,CROSSOVER21]",-0.5221932114882539,1
"M@[,ADXR40]P@[,ENGULFING]",-0.5172172778528451,1
"M@[,AROON]P@[,3OUTSIDE,SHORTLINE]O@[,CROSSOVER21]",-0.5170966781276203,1
"M@[,CROSSOVER-MACD]P@[,BELTHOLD,DARKCLOUDCOVER]",-0.5074025462709179,3
"P@[,BELTHOLD,EVENINGSTAR,EVENINGDOJISTAR]",-0.5047940473695522,11
"M@[,RSI]P@[,DARKCLOUDCOVER]",-0.5041908306999169,2
"P@[,HARAMI,SPINNINGTOP,SHORTLINE]",-0.5004964617464287,18
"P@[,ADVANCEBLOCK,STALLEDPATTERN]",-0.4974056181785683,1
"M@[,RSI]P@[,EVENINGSTAR]",-0.49674739758780895,2
"M@[,ADXR40,AROON]P@[,LONGLINE]",-0.49435028248586765,1
"M@[,AROON,CROSSOVER-MACD]P@[,BELTHOLD,LONGLINE]",-0.4913495408815376,49
"M@[,AROON]P@[,EVENINGSTAR,EVENINGDOJISTAR,LONGLINE]",-0.49019607843136215,1
"P@[,MARUBOZU,BELTHOLD,CLOSINGMARUBOZU,2CROWS,LONGLINE]",-0.4869316147511636,1
"P@[,EVENINGSTAR,LONGLINE]",-0.48609106792394924,23
"P@[,BELTHOLD,EVENINGSTAR,LONGLINE]",-0.4806246837129018,36
"M@[,APO,CROSSOVER-MACD]P@[,3OUTSIDE,LONGLINE]",-0.47639670853182947,1
"M@[,RSI]P@[,HARAMI,SPINNINGTOP]",-0.4760995535048207,8
"M@[,APO,AROON]P@[,BELTHOLD,3OUTSIDE,LONGLINE]",-0.47509152426748463,2
"P@[,HANGINGMAN]O@[,CROSSOVER50]",-0.4709277003484246,1
"P@[,BELTHOLD,HIKKAKE]",-0.46680922521571616,3
"M@[,CROSSOVER-MACD]P@[,BELTHOLD,3OUTSIDE,LONGLINE]V@[,AD:OBV]",-0.4658135674894279,1
"M@[,RSI]P@[,SPINNINGTOP]",-0.4555914136453822,19
"P@[,CLOSINGMARUBOZU]V@[,AD:OBV]",-0.4546422101736399,2
"M@[,ADXR40]P@[,CLOSINGMARUBOZU,LONGLINE]",-0.4542097488921781,1
"M@[,APO,AROON]P@[,SHORTLINE]",-0.4484637698925442,2
"P@[,COUNTERATTACK]",-0.4432195856909692,11
"M@[,ADXR20,RSI]P@[,BELTHOLD]",-0.44041782902080395,2
"P@[,SPINNINGTOP,3INSIDE,HIGHWAVE]",-0.4400229577195462,1
"M@[,ADXR40]P@[,SPINNINGTOP]",-0.43680535617499894,7
"P@[,SPINNINGTOP,SHORTLINE]O@[,CROSSOVER21]",-0.4361051253739964,6
"P@[,DARKCLOUDCOVER,LONGLINE]V@[,AD:OBV]",-0.4340164432727989,2
"M@[,CROSSOVER-MACD]P@[,BELTHOLD,LONGLINE]O@[,CROSSOVER21]",-0.43210927262800886,3
"M@[,RSI]P@[,3INSIDE,LONGLINE]",-0.4310847474899453,2
"M@[,AROON]P@[,SPINNINGTOP,3OUTSIDE,HIGHWAVE]",-0.4288080500935523,2
"M@[,AROON]P@[,RISEFALL3METHODS]",-0.4276236911517792,1
"M@[,APO]P@[,2CROWS,SHORTLINE]",-0.4210787525522813,3
"P@[,CLOSINGMARUBOZU,IDENTICAL3CROWS]",-0.4196255648805718,1
"M@[,ADXR20]P@[,BELTHOLD,3OUTSIDE,LONGLINE]",-0.40764103057103485,5
"P@[,CLOSINGMARUBOZU,LONGLINE]O@[,CROSSOVER50]",-0.40661348308841166,4
"P@[,3OUTSIDE,ONNECK]",-0.40530582166542595,1
"M@[,ADXR20,APO]P@[,SHORTLINE]",-0.4002911208151465,1
"M@[,AROON]P@[,CLOSINGMARUBOZU,LONGLINE]",-0.39827579301300825,23
"P@[,RISEFALL3METHODS]",-0.396356662541354,3
"P@[,3OUTSIDE,LONGLINE]O@[,CROSSOVER21]",-0.3937881395693282,3
"M@[,APO,AROON]P@[,BELTHOLD,ENGULFING,LONGLINE,SEPARATINGLINES]",-0.393179006891681,1
"M@[,APO,AROON]P@[,ENGULFING,SPINNINGTOP]",-0.390414647280557,1
"P@[,BELTHOLD]O@[,CROSSOVER50]",-0.38850458268119253,10
"M@[,CROSSOVER-MACD]P@[,HARAMI]",-0.38496430978166574,19
"M@[,CROSSOVER-MACD]P@[,HARAMI,SPINNINGTOP]",-0.37628356066544066,4
"M@[,CROSSOVER-MACD]P@[,ENGULFING,CLOSINGMARUBOZU,LONGLINE]",-0.37590120997797327,17
"P@[,BELTHOLD,EVENINGSTAR,LONGLINE]O@[,CROSSOVER21]",-0.369783412572645,1
"M@[,CROSSOVER-MACD]P@[,BELTHOLD,EVENINGSTAR,EVENINGDOJISTAR]",-0.35434995112414186,1
"P@[,SHOOTINGSTAR]",-0.3542618108317424,440
"P@[,COUNTERATTACK,LONGLINE]O@[,CROSSOVER21]",-0.35310225553074087,1
"M@[,CROSSOVER-MACD]P@[,3OUTSIDE,SHORTLINE]",-0.34891369417991874,21
"M@[,CROSSOVER-MACD]P@[,CLOSINGMARUBOZU]O@[,CROSSOVER21]",-0.3412969283276395,1
"P@[,ENGULFING,EVENINGSTAR,EVENINGDOJISTAR,LONGLINE]",-0.34056148123582,20
"M@[,AROON]P@[,SPINNINGTOP,SHORTLINE]O@[,CROSSOVER21]",-0.3339694656488405,1
"M@[,CROSSOVER-MACD]P@[,MARUBOZU,BELTHOLD,CLOSINGMARUBOZU,LONGLINE,SEPARATINGLINES]",-0.3314550878355983,1
"M@[,CROSSOVER-MACD]P@[,BELTHOLD,ENGULFING]",-0.33027478763799767,19
"M@[,ADXR20]P@[,HARAMI,SHORTLINE]",-0.32824794125556767,4
"P@[,3OUTSIDE]",-0.31774153858222415,489
"P@[,ENGULFING,LONGLINE]O@[,CROSSOVER21]",-0.3115284615173245,5
"M@[,RSI]P@[,SHORTLINE]",-0.3025264862396874,50
"M@[,CROSSOVER-MACD]P@[,BELTHOLD,LONGLINE]",-0.2980262197181025,307
"M@[,AROON,CROSSOVER-MACD]P@[,BELTHOLD,ENGULFING,LONGLINE]",-0.2877259285763459,7
"M@[,CROSSOVER-MACD]P@[,COUNTERATTACK]",-0.2872187649593079,1
"M@[,ADXR20,CROSSOVER-MACD]P@[,LONGLINE]",-0.28288765142360295,2
"M@[,RSI]P@[,ENGULFING,CLOSINGMARUBOZU]",-0.278473962684489,1
"M@[,CROSSOVER-MACD,RSI]P@[,LONGLINE]",-0.2754165910282256,2
"M@[,AROON,CROSSOVER-MACD,RSI]P@[,BELTHOLD,LONGLINE]",-0.2723109295704877,1
"M@[,APO]P@[,LONGLINE]",-0.2708187296821536,73
"M@[,ADXR20]P@[,HARAMI]",-0.26536840664846,8
"M@[,CROSSOVER-MACD]P@[,ENGULFING,HIKKAKE]",-0.2585035449515769,2
"M@[,CROSSOVER-MACD]P@[,MARUBOZU,BELTHOLD,CLOSINGMARUBOZU,LONGLINE]",-0.2557871458738325,54
"P@[,BELTHOLD]O@[,CROSSOVER21]",-0.2547929640543931,19
"M@[,CROSSOVER-MACD]P@[,SPINNINGTOP,HIGHWAVE]",-0.2452159179722328,16
"M@[,AROON]P@[,HANGINGMAN]",-0.24410166185337964,2
"M@[,CROSSOVER-MACD]P@[,ENGULFING,SHORTLINE]",-0.24394543170879127,36
"M@[,CROSSOVER-MACD]P@[,MARUBOZU,BELTHOLD,CLOSINGMARUBOZU,3OUTSIDE,LONGLINE]",-0.23942899186383326,10
"M@[,CROSSOVER-MACD]P@[,LONGLINE]V@[,AD:OBV]",-0.23228907824926973,3
"P@[,DARKCLOUDCOVER,HIKKAKE]",-0.22585535192886597,2
"M@[,RSI]P@[,BELTHOLD,3OUTSIDE,LONGLINE]",-0.2229080932784753,1
"M@[,AROON,CROSSOVER-MACD]P@[,SPINNINGTOP,HIGHWAVE]",-0.22211158170762085,2
"M@[,ADXR20]P@[,BELTHOLD]",-0.21831876453593313,18
"M@[,ADXR20]P@[,SPINNINGTOP,HIGHWAVE]",-0.218016993792661,6
"M@[,CROSSOVER-MACD]P@[,EVENINGSTAR,LONGLINE]",-0.21313444659322578,4
"M@[,AROON]P@[,SHORTLINE]O@[,CROSSOVER21]",-0.2110134118209607,3
"M@[,APO,AROON]P@[,BELTHOLD,LONGLINE]",-0.20584050945339993,6
"P@[,EVENINGSTAR]",-0.20549276811377684,22
"M@[,CROSSOVER-MACD]P@[,CLOSINGMARUBOZU]",-0.20314089073744623,31
"M@[,ADXR20]P@[,ENGULFING,SPINNINGTOP]",-0.20021910770275878,1
"M@[,AROON]P@[,HIKKAKE,SHORTLINE]",-0.19827600097812625,5
"P@[,3INSIDE,LONGLINE]",-0.19567332723070224,28
"P@[,BELTHOLD,ENGULFING,LONGLINE,SEPARATINGLINES]",-0.1895109788992872,4
"P@[,MARUBOZU,BELTHOLD,ENGULFING,CLOSINGMARUBOZU,LONGLINE]",-0.18440596588822908,214
"M@[,CROSSOVER-MACD]P@[,HARAMI,SPINNINGTOP,SHORTLINE]",-0.18292682926829962,1
"M@[,AROON]P@[,LONGLINE]",-0.18232599732738966,145
"M@[,CROSSOVER-MACD]P@[,MARUBOZU,BELTHOLD,CLOSINGMARUBOZU,DARKCLOUDCOVER,LONGLINE]",-0.1778281317220093,3
"M@[,CROSSOVER-MACD]P@[,SPINNINGTOP,HIKKAKE]",-0.1726572648480611,2
"P@[,BELTHOLD,3OUTSIDE,LONGLINE]",-0.16414930578592274,238
"M@[,CROSSOVER-MACD]P@[,SHOOTINGSTAR,SHORTLINE]",-0.1637200835378879,2
"P@[,CLOSINGMARUBOZU,EVENINGSTAR,EVENINGDOJISTAR,LONGLINE]",-0.1633980443650744,6
"M@[,APO]P@[,SHOOTINGSTAR]",-0.1630047203450174,1
"M@[,CROSSOVER-MACD]P@[,HIKKAKE]",-0.16291091128951818,18
"P@[,CLOSINGMARUBOZU,3OUTSIDE,LONGLINE]",-0.1575109424136442,41
"P@[,ENGULFING,LONGLINE]",-0.15442551068982632,751
"P@[,3BLACKCROWS,SHORTLINE]",-0.15035319083285467,4
"M@[,RSI]P@[,BELTHOLD,COUNTERATTACK,LONGLINE]",-0.14783787113466124,1
"P@[,MARUBOZU,BELTHOLD,ENGULFING,CLOSINGMARUBOZU,LONGLINE]O@[,CROSSOVER21]",-0.14681483371696363,8
"M@[,ADXR20]P@[,EVENINGSTAR,EVENINGDOJISTAR]",-0.14207909069382493,1
"M@[,RSI]P@[,BELTHOLD,ENGULFING,EVENINGSTAR,EVENINGDOJISTAR,LONGLINE]",-0.14158729364551834,2
"P@[,ENGULFING,EVENINGSTAR,LONGLINE]",-0.14099498409802566,18
"M@[,RSI]P@[,CLOSINGMARUBOZU,3INSIDE]",-0.13713658804168952,1
"P@[,SHOOTINGSTAR,SHORTLINE]",-0.13657427881641518,14
"M@[,CROSSOVER-MACD]P@[,SPINNINGTOP,HIGHWAVE,SHORTLINE]",-0.1330509537464403,2
"M@[,AROON]P@[,BELTHOLD,3OUTSIDE,LONGLINE]",-0.13096658251162074,21
"P@[,EVENINGSTAR,EVENINGDOJISTAR,2CROWS,LONGLINE]",-0.12837693540572112,3
"P@[,CLOSINGMARUBOZU,LONGLINE]",-0.1275700352159885,509
"M@[,APO]P@[,SHORTLINE]",-0.12622520094805484,120
"M@[,AROON]P@[,SPINNINGTOP]",-0.1258637946657106,47
"M@[,AROON]P@[,SPINNINGTOP,3OUTSIDE]",-0.12521764082862807,4
"P@[,BELTHOLD,DARKCLOUDCOVER,LONGLINE]",-0.12513532459251142,96
"M@[,ADXR40]P@[,BELTHOLD,LONGLINE,SEPARATINGLINES]O@[,CROSSOVER50]",-0.12412547957571911,1
"P@[,BELTHOLD,LONGLINE]O@[,CROSSOVER50]",-0.1219818125831708,21
"M@[,AROON]P@[,SPINNINGTOP,HIGHWAVE,SHORTLINE]",-0.11890606420928237,1
"M@[,ADXR20]P@[,CLOSINGMARUBOZU]",-0.10974153378991762,3
"P@[,BELTHOLD,ENGULFING,LONGLINE]",-0.10934714987987941,914
"P@[,BELTHOLD,ENGULFING]",-0.10809005681702942,249
"P@[,BELTHOLD,HIKKAKE,LONGLINE]",-0.10647318790322402,39
"M@[,CROSSOVER-MACD]P@[,BELTHOLD,EVENINGSTAR,LONGLINE]",-0.10269234618751914,5
"P@[,EVENINGSTAR,EVENINGDOJISTAR,2CROWS]",-0.10260789997810242,5
"P@[,SHORTLINE]O@[,CROSSOVER21]",-0.10167279897819688,46
"M@[,CROSSOVER-MACD]P@[,CLOSINGMARUBOZU,EVENINGSTAR,EVENINGDOJISTAR,LONGLINE]",-0.10106114199091311,1
"M@[,CROSSOVER-MACD]P@[,3OUTSIDE]",-0.09899028516638965,63
"P@[,ENGULFING,HIKKAKE,SHORTLINE]",-0.09815619708230386,23
"M@[,APO,CROSSOVER-MACD]P@[,BELTHOLD,3OUTSIDE,LONGLINE]",-0.09756097560975979,1
"M@[,AROON]P@[,BELTHOLD,EVENINGSTAR,SEPARATINGLINES]",-0.09543285616904836,1
"M@[,AROON,CROSSOVER-MACD]P@[,3OUTSIDE]",-0.09295882715246025,9
"P@[,BELTHOLD,EVENINGSTAR,EVENINGDOJISTAR,SEPARATINGLINES]",-0.09190237925048272,1
"P@[,3OUTSIDE]O@[,CROSSOVER21]V@[,AD:OBV]",-0.08933889219774013,1
"M@[,APO]P@[,MARUBOZU,BELTHOLD,ENGULFING,CLOSINGMARUBOZU,EVENINGSTAR,EVENINGDOJISTAR,LONGLINE]",-0.08794419697208694,2
"P@[,BELTHOLD,LONGLINE]O@[,CROSSOVER21]",-0.0861477816583531,47
"P@[,BELTHOLD,LONGLINE]",-0.0812919627125312,2680
"P@[,DARKCLOUDCOVER,SHORTLINE]",-0.07864414025831423,3
"M@[,APO,AROON]P@[,ENGULFING,LONGLINE]V@[,AD:OBV]",-0.0766283524904171,1
"M@[,AROON,CROSSOVER-MACD]P@[,BELTHOLD,EVENINGSTAR,EVENINGDOJISTAR]",-0.07660487206986363,1
"M@[,RSI]P@[,BELTHOLD,LONGLINE]",-0.0736011733490801,72
"P@[,HARAMI]",-0.07330912630305328,361
"P@[,ENGULFING,SPINNINGTOP]",-0.06989915702631584,38
"M@[,APO]P@[,BELTHOLD,LONGLINE]O@[,CROSSOVER21]",-0.06631299734749518,1
"M@[,CROSSOVER-MACD]P@[,SHORTLINE]",-0.0647238925316952,288
"P@[,LONGLINE]O@[,CROSSOVER50]",-0.06430563042137499,11
"M@[,AROON]P@[,SPINNINGTOP,SHORTLINE]",-0.06340965745576685,10
"M@[,CROSSOVER-MACD]P@[,BELTHOLD,ENGULFING,LONGLINE]",-0.05134574118923626,79
"P@[,BELTHOLD,2CROWS,LONGLINE]",-0.04956173503234033,6
"M@[,AROON]P@[,SHORTLINE]",-0.04768082519280139,118
"P@[,BELTHOLD,SEPARATINGLINES]",-0.04640894242049007,17
"M@[,RSI]P@[,BELTHOLD,EVENINGSTAR,EVENINGDOJISTAR,LONGLINE,SEPARATINGLINES]",-0.046246338831519684,1
"M@[,APO,CROSSOVER-MACD]P@[,BELTHOLD,LONGLINE]",-0.043229745998219916,5
"M@[,ADXR20]P@[,BELTHOLD]O@[,CROSSOVER50]",-0.0350262697022714,1
"M@[,APO]P@[,BELTHOLD,LONGLINE]",-0.03345437527171377,79
"M@[,RSI]P@[,HARAMI,SPINNINGTOP,HIGHWAVE]",-0.03313452617626707,1
"M@[,AROON]P@[,BELTHOLD,ENGULFING,LONGLINE]",-0.0328605255331059,38
"P@[,LONGLINE]",-0.032253149431835035,2491
"M@[,CROSSOVER-MACD]P@[,MARUBOZU,BELTHOLD,ENGULFING,CLOSINGMARUBOZU,LONGLINE]",-0.03069392434569469,20
"P@[,BELTHOLD,EVENINGSTAR]",-0.030305000773970074,9
"M@[,CROSSOVER-MACD]P@[,3BLACKCROWS]",-0.028848927781534944,1
"M@[,ADXR20]P@[,SPINNINGTOP]",-0.027261544181112134,16
"P@[,SHORTLINE]",-0.026933434491266728,4179
"M@[,AROON]P@[,SPINNINGTOP,HIGHWAVE]",-0.026684319176213965,10
"P@[,LONGLINE]O@[,CROSSOVER21]",-0.02572310435949893,43
"M@[,ADXR20]P@[,BELTHOLD,ENGULFING,LONGLINE]",-0.016530095742391986,14
"P@[,MARUBOZU,BELTHOLD,CLOSINGMARUBOZU,3OUTSIDE,LONGLINE]",-0.004794949325994388,56
"M@[,APO]P@[,CLOSINGMARUBOZU,LONGLINE]O@[,CROSSOVER21]",0.0,1
"M@[,CROSSOVER-MACD]P@[,INNECK,ONNECK]",0.0,1
"P@[,BELTHOLD,ENGULFING,LONGLINE]O@[,CROSSOVER50]",0.004162407843705007,5
"M@[,AROON,CROSSOVER-MACD]P@[,BELTHOLD,ENGULFING,3INSIDE]",0.006701514542280461,1
"P@[,SPINNINGTOP,SHORTLINE]",0.009976902983825775,375
"P@[,SPINNINGTOP,UPSIDEGAP2CROWS]",0.010351812114468228,2
"P@[,EVENINGSTAR,EVENINGDOJISTAR,LONGLINE]",0.013602073538076118,36
"M@[,CROSSOVER-MACD]P@[,DARKCLOUDCOVER]",0.018725850153588408,2
"P@[,ENGULFING,CLOSINGMARUBOZU,LONGLINE]",0.021272008786522675,124
"P@[,BELTHOLD,BREAKAWAY,ENGULFING,LONGLINE]",0.021530463244370635,2
"P@[,ENGULFING]",0.023113788244159005,1145
"P@[,DARKCLOUDCOVER,LONGLINE]",0.026273135105361885,66
"P@[,3OUTSIDE,SHORTLINE]",0.026997599099369326,296
"P@[,SPINNINGTOP,HIGHWAVE,HIKKAKE]",0.027544358931569264,15
"M@[,AROON]P@[,BELTHOLD,LONGLINE]",0.0294158975047659,188
"P@[,HARAMI,HIKKAKE]",0.035170198432329304,7
"M@[,CROSSOVER-MACD]P@[,LONGLINE]",0.036911383161885754,251
"P@[,ENGULFING,SHORTLINE]",0.03939133794851937,573
"M@[,CROSSOVER-MACD]P@[,ENGULFING,CLOSINGMARUBOZU]V@[,AD:OBV]",0.041129695640261615,1
"P@[,BELTHOLD,EVENINGSTAR,EVENINGDOJISTAR,LONGLINE]",0.0421903399729907,31
"M@[,CROSSOVER-MACD]P@[,BELTHOLD]",0.045304414175032476,109
"M@[,AROON]P@[,ENGULFING,SHORTLINE]",0.04603072317168667,13
"P@[,SPINNINGTOP]",0.0486244217667768,1352
"M@[,APO]P@[,HARAMI]",0.04895571786581954,4
"P@[,3INSIDE]",0.05182450256590023,49
"P@[,MARUBOZU,BELTHOLD,CLOSINGMARUBOZU,LONGLINE]",0.05214454507435815,597
"P@[,SHOOTINGSTAR,HIKKAKE]V@[,AD]",0.05271481286242633,1
"P@[,3BLACKCROWS]",0.05524861878452725,1
"M@[,AROON]P@[,ENGULFING,LONGLINE]",0.06112089837981045,22
"M@[,RSI]P@[,BELTHOLD]",0.06138030062162698,30
"P@[,ENGULFING,HIKKAKE,HIKKAKEMOD]",0.06656017039403621,1
"M@[,ADXR20]P@[,DARKCLOUDCOVER,LONGLINE]",0.06656681644199988,1
"P@[,THRUSTING]",0.06962249179510965,22
"P@[,CLOSINGMARUBOZU,3OUTSIDE]",0.07213778200304667,13
"M@[,CROSSOVER-MACD]P@[,SPINNINGTOP,SHORTLINE]",0.0733456090277216,22
"P@[,COUNTERATTACK,LONGLINE]",0.0851160424753927,10
"P@[,SHOOTINGSTAR,HIKKAKE,SHORTLINE]",0.09472171712337846,4
"P@[,HANGINGMAN,HIKKAKE]",0.0957459880092494,8
"P@[,HARAMI,SHORTLINE]",0.09636628734659479,183
"M@[,RSI]P@[,SPINNINGTOP,HIGHWAVE]",0.1004582240490392,13
"P@[,3OUTSIDE,LONGLINE]",0.10173444755617453,199
"P@[,MARUBOZU,BELTHOLD,CLOSINGMARUBOZU,EVENINGSTAR,LONGLINE,SEPARATINGLINES]",0.10563380281690724,1
"M@[,CROSSOVER-MACD]P@[,SHORTLINE]O@[,CROSSOVER21]",0.1072475907529506,4
"M@[,CROSSOVER-MACD]P@[,SPINNINGTOP,3OUTSIDE]",0.11176521459526524,7
"P@[,MARUBOZU,BELTHOLD,CLOSINGMARUBOZU,EVENINGSTAR,EVENINGDOJISTAR,LONGLINE]",0.11366921321859022,8
"M@[,AROON]P@[,MARUBOZU,BELTHOLD,CLOSINGMARUBOZU,LONGLINE]",0.11375031475207878,37
"M@[,APO]P@[,SPINNINGTOP]",0.114136075899829,27
"P@[,BELTHOLD,3OUTSIDE,LONGLINE]O@[,CROSSOVER50]",0.12061109622084926,1
"M@[,CROSSOVER-MACD]P@[,SPINNINGTOP]",0.1208798849847034,95
"M@[,AROON]P@[,3INSIDE,LONGLINE]",0.1233407729355184,1
"M@[,APO]P@[,MARUBOZU,BELTHOLD,CLOSINGMARUBOZU,LONGLINE]",0.1251864457961193,18
"P@[,3INSIDE,SHORTLINE]",0.12747138352411563,14
"M@[,AROON]P@[,3OUTSIDE,LONGLINE]",0.1291652901968848,18
"P@[,SPINNINGTOP,HIGHWAVE]",0.1371453238469468,266
"M@[,ADXR20]P@[,3OUTSIDE,SHORTLINE]",0.13863515307547503,4
"M@[,RSI]P@[,LONGLINE]",0.14377065739575673,61
"M@[,RSI]P@[,BELTHOLD,ENGULFING,LONGLINE]",0.14486750850122115,29
"P@[,HIKKAKE,SHORTLINE]",0.14629636725224426,169
"P@[,HIKKAKE,LONGLINE]",0.1469450171140298,17
"M@[,ADXR20,CROSSOVER-MACD]P@[,SHORTLINE]",0.15084706428406455,1
"P@[,ENGULFING,CLOSINGMARUBOZU]",0.15149101670707893,49
"P@[,HANGINGMAN]",0.15237527828174327,39
"M@[,APO,AROON]P@[,SPINNINGTOP,HIGHWAVE]",0.15510746731664082,1
"M@[,ADXR20,APO]P@[,BELTHOLD,LONGLINE]O@[,CROSSOVER21]",0.1566211386217059,2
"M@[,ADXR40]P@[,CLOSINGMARUBOZU]",0.15715034049239546,1
"M@[,APO]P@[,HANGINGMAN]",0.15718824070851423,2
"P@[,2CROWS,SHORTLINE]",0.1608572215462345,22
"P@[,BELTHOLD,LONGLINE,SEPARATINGLINES]",0.16373863519466228,42
"M@[,APO]P@[,HARAMI,SHORTLINE]",0.17216507006267953,5
"P@[,MARUBOZU,BELTHOLD,ENGULFING,CLOSINGMARUBOZU,LONGLINE,SEPARATINGLINES]O@[,CROSSOVER21]",0.17415534656913967,1
"P@[,HIKKAKE]",0.18224566941147596,252
"M@[,APO]P@[,BELTHOLD,ENGULFING,LONGLINE]",0.18428595673721795,29
"M@[,APO]P@[,ENGULFING,LONGLINE]",0.1867288664227731,16
"M@[,CROSSOVER-MACD]P@[,MARUBOZU,BELTHOLD,CLOSINGMARUBOZU,3BLACKCROWS,LONGLINE]O@[,CROSSOVER50]",0.19029495718363734,1
"P@[,HARAMI,SPINNINGTOP]",0.1913731348122289,108
"M@[,CROSSOVER-MACD]P@[,HARAMI,SHORTLINE]O@[,CROSSOVER50]",0.19612903225806216,1
"P@[,BELTHOLD,ENGULFING,EVENINGSTAR,LONGLINE]",0.20011659967231793,21
"M@[,ADXR40]P@[,ENGULFING,SHORTLINE]",0.20309407564459767,3
"P@[,ENGULFING,HIKKAKE]",0.20655455712787518,15
"M@[,AROON]P@[,SHORTLINE]O@[,CROSSOVER50]",0.20790020790021085,1
"M@[,APO]P@[,ENGULFING]",0.20848413491242743,33
"P@[,SPINNINGTOP,3OUTSIDE]",0.21049272166988345,71
"P@[,BELTHOLD,ENGULFING,EVENINGSTAR,LONGLINE]O@[,CROSSOVER21]",0.21183345507670495,1
"M@[,CROSSOVER-MACD]P@[,HIKKAKE,SHORTLINE]",0.21571038357801886,16
"P@[,MARUBOZU,BELTHOLD,CLOSINGMARUBOZU,DARKCLOUDCOVER,LONGLINE]",0.22223359466906176,17
"M@[,APO]P@[,EVENINGSTAR,EVENINGDOJISTAR,LONGLINE]",0.22337857923926507,2
"P@[,BELTHOLD]",0.22801352784759044,942
"M@[,CROSSOVER-MACD]P@[,CLOSINGMARUBOZU,3OUTSIDE,LONGLINE]",0.23576874551214186,7
"M@[,ADXR40]P@[,ENGULFING,CLOSINGMARUBOZU,LONGLINE]",0.24278606965173768,1
"P@[,SPINNINGTOP,3OUTSIDE,SHORTLINE]",0.2431037687787811,21
"P@[,ENGULFING,CLOSINGMARUBOZU,EVENINGSTAR,LONGLINE]",0.24483451911846466,2
"M@[,CROSSOVER-MACD]P@[,ENGULFING,3INSIDE]",0.24620099124409967,2
"P@[,SHORTLINE,UPSIDEGAP2CROWS]",0.2483152296730463,9
"P@[,BELTHOLD,EVENINGSTAR,2CROWS]",0.2505368647101094,1
"M@[,AROON,CROSSOVER-MACD]P@[,CLOSINGMARUBOZU,LONGLINE]",0.2539146107271805,4
"M@[,AROON]P@[,BELTHOLD]",0.25432816062845026,120
"M@[,APO]P@[,MARUBOZU,BELTHOLD,CLOSINGMARUBOZU,LONGLINE]O@[,CROSSOVER21]",0.256024096385549,1
"M@[,RSI]P@[,CLOSINGMARUBOZU]",0.26028377953972354,4
"P@[,BELTHOLD,COUNTERATTACK,LONGLINE]",0.2602875126592099,7
"P@[,SPINNINGTOP,3INSIDE]",0.26271511645069195,1
"P@[,BELTHOLD,ENGULFING,EVENINGSTAR,EVENINGDOJISTAR]",0.26809693629870945,6
"M@[,CROSSOVER-MACD]P@[,CLOSINGMARUBOZU,LONGLINE]",0.27231592140274913,41
"M@[,ADXR20]P@[,LONGLINE]",0.2723947174042409,30
"M@[,AROON]P@[,BELTHOLD,DARKCLOUDCOVER]",0.2781141110948826,2
"M@[,APO]P@[,3OUTSIDE]O@[,CROSSOVER21]",0.27858156028368364,2
"M@[,RSI]P@[,2CROWS,SHORTLINE]",0.27925288408715937,1
"M@[,AROON]P@[,ENGULFING]",0.2815041451750937,34
"M@[,CROSSOVER-MACD]P@[,BELTHOLD,3INSIDE,LONGLINE]",0.28350011165172817,5
"P@[,BELTHOLD,3OUTSIDE]",0.28424592266242954,81
"P@[,MARUBOZU,BELTHOLD,CLOSINGMARUBOZU,LONGLINE,UPSIDEGAP2CROWS]",0.2889590717905787,2
"M@[,AROON]P@[,HARAMI,SHORTLINE]",0.2968003925228403,4
"M@[,ADXR20]P@[,CLOSINGMARUBOZU,LONGLINE]",0.2975323569707155,5
"M@[,RSI]P@[,SPINNINGTOP,SHORTLINE]",0.3024059883991763,2
"P@[,HARAMI,SHORTLINE]V@[,AD:OBV]",0.308826387739099,1
"M@[,CROSSOVER-MACD]P@[,DARKCLOUDCOVER,LONGLINE]",0.310980451927507,6
"M@[,ADXR20]P@[,BELTHOLD,EVENINGSTAR,LONGLINE]",0.3144840681184332,1
"P@[,DARKCLOUDCOVER]",0.3203492701103253,49
"M@[,ADXR40,CROSSOVER-MACD]P@[,SHORTLINE]",0.3222065048317429,2
"P@[,2CROWS]",0.3276990407672441,14
"P@[,TASUKIGAP]",0.3291936476510645,29
"M@[,APO]P@[,CLOSINGMARUBOZU]",0.32945203939637563,8
"P@[,ENGULFING,HIKKAKE,LONGLINE]",0.3351912444700984,12
"P@[,SPINNINGTOP,HIGHWAVE]O@[,CROSSOVER21,CROSSOVER50]",0.3469640644361777,1
"M@[,AROON,CROSSOVER-MACD]P@[,LONGLINE]O@[,CROSSOVER21]",0.3471383910607636,2
"M@[,ADXR20]P@[,MARUBOZU,BELTHOLD,CLOSINGMARUBOZU,LONGLINE]O@[,CROSSOVER50]",0.3527336860670119,1
"M@[,AROON]P@[,BELTHOLD,ENGULFING]",0.35330370198438693,15
"P@[,CLOSINGMARUBOZU]",0.3553959770598185,234
"M@[,RSI]P@[,ENGULFING]",0.35966266285187287,46
"M@[,CROSSOVER-MACD]P@[,ENGULFING]O@[,CROSSOVER21]",0.3710071486743405,1
"M@[,CROSSOVER-MACD]P@[,MARUBOZU,BELTHOLD,CLOSINGMARUBOZU,3INSIDE,LONGLINE]",0.37115588547191136,1
"M@[,AROON]P@[,BELTHOLD,EVENINGSTAR,EVENINGDOJISTAR,LONGLINE]",0.3733084461035851,1
"P@[,BELTHOLD,DARKCLOUDCOVER]",0.3733918997893242,31
"P@[,MARUBOZU,BELTHOLD,CLOSINGMARUBOZU,LONGLINE]O@[,CROSSOVER21,CROSSOVER50]",0.38570610556157425,2
"M@[,APO]P@[,BELTHOLD,ENGULFING,LONGLINE]V@[,AD:OBV]",0.38945865247306244,1
"M@[,APO,AROON]P@[,LONGLINE]",0.40072438460229365,8
"P@[,2CROWS,LONGLINE]",0.4044513961802643,3
"P@[,BELTHOLD,DARKCLOUDCOVER,LONGLINE]O@[,CROSSOVER21]",0.4066418163334424,1
"P@[,CLOSINGMARUBOZU]O@[,CROSSOVER21]",0.4139849896046585,3
"M@[,ADXR20]P@[,BELTHOLD,DARKCLOUDCOVER]",0.4145077720207215,1
"M@[,AROON,CROSSOVER-MACD]P@[,CLOSINGMARUBOZU]",0.41854843591597024,4
"M@[,RSI]P@[,BELTHOLD,ENGULFING,EVENINGSTAR,EVENINGDOJISTAR,SEPARATINGLINES]",0.4193018623991055,1
"P@[,SPINNINGTOP,HIKKAKE]",0.42531930636723825,70
"M@[,RSI]P@[,HARAMI,SHORTLINE]",0.4348930404027085,8
"P@[,BELTHOLD,EVENINGSTAR,EVENINGDOJISTAR,2CROWS]",0.4384633545819421,1
"P@[,ENGULFING]V@[,AD:OBV]",0.43883242333507283,7
"P@[,DARKCLOUDCOVER,HIKKAKE,LONGLINE]",0.440596174522631,2
"M@[,AROON]P@[,SHOOTINGSTAR]",0.4416094210009702,1
"P@[,ENGULFING,SHORTLINE]O@[,CROSSOVER21]",0.4455278233414109,9
"M@[,AROON,CROSSOVER-MACD]P@[,SPINNINGTOP,3OUTSIDE,SHORTLINE]",0.44918881784072295,1
"M@[,APO]P@[,MARUBOZU,BELTHOLD,ENGULFING,CLOSINGMARUBOZU,LONGLINE]O@[,CROSSOVER21]",0.4504883799259125,1
"M@[,RSI]P@[,BELTHOLD,ENGULFING]",0.45549887968228464,15
"M@[,CROSSOVER-MACD]P@[,ENGULFING,LONGLINE]",0.45736787498447856,59
"P@[,BELTHOLD,3INSIDE,LONGLINE]",0.4596460321580774,14
"P@[,BELTHOLD,ENGULFING,LONGLINE]O@[,CROSSOVER21]",0.46150021074349823,11
"M@[,CROSSOVER-MACD]P@[,BELTHOLD,EVENINGSTAR,EVENINGDOJISTAR,SEPARATINGLINES]",0.47108967528462176,1
"M@[,ADXR20]P@[,3OUTSIDE,LONGLINE]",0.47467631399742766,2
"M@[,ADXR20,AROON]P@[,BELTHOLD,ENGULFING,LONGLINE]",0.4760967932323395,1
"P@[,EVENINGDOJISTAR,LONGLINE]",0.48678720445061796,1
"M@[,ADXR40]P@[,MARUBOZU,BELTHOLD,CLOSINGMARUBOZU,LONGLINE]",0.4874624907652467,2
"P@[,ENGULFING,SPINNINGTOP,SHORTLINE]",0.48888922084372277,16
"M@[,RSI]P@[,BELTHOLD,ENGULFING,EVENINGDOJISTAR]",0.49689440993789524,1
"P@[,MARUBOZU,BELTHOLD,CLOSINGMARUBOZU,DARKCLOUDCOVER,LONGLINE]O@[,CROSSOVER21]",0.49847242321917073,1
"P@[,HANGINGMAN,SHORTLINE]",0.5032542853363251,27
"M@[,AROON,CROSSOVER-MACD]P@[,BELTHOLD,ENGULFING,EVENINGSTAR]",0.5122950819672132,1
"M@[,AROON]P@[,3OUTSIDE]",0.5193986927301377,35
"M@[,ADXR20,CROSSOVER-MACD]P@[,BELTHOLD,LONGLINE]",0.5211430361730277,3
"P@[,SPINNINGTOP,2CROWS,SHORTLINE]",0.5246948785217188,1
"M@[,AROON]P@[,BELTHOLD,LONGLINE]O@[,CROSSOVER50]",0.5338560050664838,2
"P@[,MARUBOZU,BELTHOLD,CLOSINGMARUBOZU,HIKKAKE,LONGLINE]",0.5388776519949721,10
"P@[,SHORTLINE]O@[,CROSSOVER50]",0.5500720723933943,26
"M@[,RSI]P@[,MARUBOZU,BELTHOLD,ENGULFING,CLOSINGMARUBOZU,LONGLINE]",0.5510256607376782,10
"P@[,BELTHOLD,DARKCLOUDCOVER,HIKKAKE]",0.5530973451327433,1
"M@[,ADXR20]P@[,MARUBOZU,BELTHOLD,CLOSINGMARUBOZU,LONGLINE]O@[,CROSSOVER21]",0.5595786701777511,1
"P@[,SPINNINGTOP,HIGHWAVE]V@[,AD:OBV]",0.5598699656853727,1
"P@[,BELTHOLD,ENGULFING,HIKKAKE,LONGLINE]",0.5678441603805482,5
"P@[,HARAMI,HIKKAKE,SHORTLINE]",0.5736491487786867,1
"M@[,ADXR20]P@[,ENGULFING]",0.5813564033158596,13
"P@[,SPINNINGTOP,2CROWS]",0.5818282896603889,7
"M@[,APO]P@[,CLOSINGMARUBOZU,LONGLINE]",0.5943870878786762,27
"P@[,HIKKAKE,SHORTLINE]O@[,CROSSOVER50]",0.6055824576547593,2
"M@[,ADXR20]P@[,3OUTSIDE]",0.6080964507929622,8
"M@[,ADXR20]P@[,SHORTLINE]",0.6106864375596116,55
"M@[,CROSSOVER-MACD]P@[,SPINNINGTOP,HIKKAKE,SHORTLINE]",0.6127233452928006,3
"P@[,XSIDEGAP3METHODS]",0.6138927264912436,19
"M@[,CROSSOVER-MACD]P@[,MARUBOZU,BELTHOLD,CLOSINGMARUBOZU,HIKKAKE,LONGLINE]O@[,CROSSOVER21]",0.6195786864931847,1
"M@[,APO,CROSSOVER-MACD]P@[,LONGLINE]",0.620506693175621,6
"P@[,MARUBOZU,BELTHOLD,CLOSINGMARUBOZU,3INSIDE,LONGLINE]",0.6298110249496335,6
"P@[,CLOSINGMARUBOZU,DARKCLOUDCOVER,LONGLINE]",0.6319580269374531,7
"M@[,CROSSOVER-MACD]P@[,3INSIDE,LONGLINE]",0.6344649326445507,3
"M@[,AROON]P@[,ENGULFING,LONGLINE]O@[,CROSSOVER50]",0.663129973474801,1
"M@[,CROSSOVER-MACD]P@[,2CROWS,SHORTLINE]",0.6703744165259709,1
"P@[,MARUBOZU,BELTHOLD,CLOSINGMARUBOZU,LONGLINE]O@[,CROSSOVER50]",0.6721621132772058,2
"P@[,EVENINGDOJISTAR]",0.6729200652528572,1
"P@[,BELTHOLD,EVENINGDOJISTAR,LONGLINE,SEPARATINGLINES]",0.6756756756756785,1
"P@[,2CROWS,HIKKAKE,SHORTLINE]",0.6824361065796604,1
"M@[,RSI]P@[,BELTHOLD,ENGULFING,HIKKAKE,LONGLINE]",0.6872230762275124,1
"P@[,3INSIDE]V@[,AD:OBV]",0.6935182715390832,1
"M@[,ADXR20,CROSSOVER-MACD]P@[,BELTHOLD,3OUTSIDE]",0.6938708078638768,1
"M@[,ADXR20,AROON]P@[,BELTHOLD,LONGLINE]",0.6955484896661367,1
"P@[,LONGLINE,UPSIDEGAP2CROWS]",0.7075682312021513,3
"M@[,AROON]P@[,3OUTSIDE,SHORTLINE]",0.7212974779182092,17
"M@[,ADXR20]P@[,BELTHOLD,EVENINGSTAR,EVENINGDOJISTAR,LONGLINE]",0.7334963325183479,1
"M@[,ADXR20,AROON]P@[,SPINNINGTOP]",0.7371007371007301,1
"M@[,CROSSOVER-MACD]P@[,HANGINGMAN,HIKKAKE,SHORTLINE]",0.7447528774542889,1
"M@[,CROSSOVER-MACD]P@[,SHOOTINGSTAR,HIKKAKE]",0.7563095021051355,3
"M@[,APO]P@[,HIKKAKE,SHORTLINE]O@[,CROSSOVER50]",0.7620660457239676,1
"P@[,UPSIDEGAP2CROWS]",0.7700736600496093,5
"P@[,SPINNINGTOP,HIGHWAVE]O@[,CROSSOVER21]",0.7762273021674094,3
"M@[,APO]P@[,ENGULFING,SHORTLINE]",0.7811926468728159,17
"P@[,ENGULFING,LONGLINE]V@[,AD:OBV]",0.7835169885166793,3
"M@[,APO]P@[,BELTHOLD]",0.7885504434717402,36
"M@[,ADXR20,CROSSOVER-MACD]P@[,CLOSINGMARUBOZU]",0.7963594994311827,1
"M@[,ADXR40,RSI]P@[,SPINNINGTOP,HIGHWAVE]",0.7997429471094359,2
"M@[,APO]P@[,SPINNINGTOP,SHORTLINE]",0.8001320457712879,5
"M@[,CROSSOVER-MACD]P@[,TASUKIGAP]",0.8044400144973178,2
"M@[,CROSSOVER-MACD,RSI]P@[,BELTHOLD,EVENINGSTAR,2CROWS,LONGLINE]",0.8099945085118037,1
"M@[,ADXR20]P@[,BELTHOLD,LONGLINE,UPSIDEGAP2CROWS]",0.8174386920980847,1
"M@[,AROON]P@[,DARKCLOUDCOVER,LONGLINE]",0.8236101578586255,1
"M@[,CROSSOVER-MACD]P@[,SPINNINGTOP,3OUTSIDE,HIGHWAVE]",0.8253358925143867,1
"M@[,APO,CROSSOVER-MACD]P@[,ENGULFING]",0.8253804488006161,1
"P@[,ENGULFING,EVENINGDOJISTAR]",0.8347387711345637,2
"P@[,SPINNINGTOP,HIKKAKE]O@[,CROSSOVER50]",0.8396641343462593,1
"M@[,CROSSOVER-MACD]P@[,LONGLINE]O@[,CROSSOVER21]",0.8407020120892571,3
"M@[,AROON]P@[,BELTHOLD,3OUTSIDE,LONGLINE]O@[,CROSSOVER21]",0.8427324942793575,2
"M@[,ADXR20]P@[,BELTHOLD,ENGULFING]",0.8488744232253251,5
"M@[,RSI]P@[,ADVANCEBLOCK]",0.8488964346349746,1
"P@[,BELTHOLD,ENGULFING,EVENINGSTAR,EVENINGDOJISTAR,LONGLINE]V@[,AD:OBV]",0.8503634618022126,1
"M@[,ADXR20]P@[,MARUBOZU,BELTHOLD,ENGULFING,CLOSINGMARUBOZU,LONGLINE]",0.8584894134404033,2
"M@[,AROON]P@[,3OUTSIDE]O@[,CROSSOVER21]",0.8705357142857093,1
"M@[,CCI]P@[,HARAMI]",0.8715525074884979,2
"P@[,BELTHOLD]O@[,CROSSOVER21]V@[,AD:OBV]",0.881196144954525,1
"P@[,BELTHOLD,DARKCLOUDCOVER,HIKKAKE,LONGLINE]",0.8868450651345254,2
"M@[,CROSSOVER-MACD]P@[,CLOSINGMARUBOZU,3OUTSIDE]",0.8919722497522262,1
"M@[,APO,CROSSOVER-MACD]P@[,3OUTSIDE]",0.8968250063360951,2
"M@[,RSI]P@[,MARUBOZU,BELTHOLD,ENGULFING,CLOSINGMARUBOZU,EVENINGSTAR,EVENINGDOJISTAR,LONGLINE]",0.8984513535878973,1
"P@[,SPINNINGTOP,3OUTSIDE,HIGHWAVE]",0.9002114646629765,14
"P@[,MARUBOZU,BELTHOLD,ENGULFING,CLOSINGMARUBOZU,LONGLINE]V@[,AD:OBV]",0.9029580940791289,4
"P@[,CLOSINGMARUBOZU,EVENINGSTAR,2CROWS,LONGLINE]O@[,CROSSOVER50]",0.9099466582993518,1
"M@[,APO]P@[,BELTHOLD,EVENINGSTAR,EVENINGDOJISTAR,LONGLINE]",0.9187605981193212,1
"P@[,HANGINGMAN,HIKKAKE,SHORTLINE]",0.9254724294685903,11
"M@[,AROON]P@[,BELTHOLD,3OUTSIDE]",0.9416930657075153,18
"P@[,ENGULFING,CLOSINGMARUBOZU,EVENINGSTAR,EVENINGDOJISTAR,LONGLINE]",0.9516357820176897,3
"M@[,CROSSOVER-MACD]P@[,BELTHOLD,LONGLINE,SEPARATINGLINES]",0.9858588448390543,4
"M@[,ADXR20,APO]P@[,MARUBOZU,BELTHOLD,CLOSINGMARUBOZU,3OUTSIDE,LONGLINE]",0.998128509045536,1
"M@[,ADXR40,CROSSOVER-MACD]P@[,BELTHOLD,ENGULFING]",1.0000000000000024,1
"P@[,ENGULFING,EVENINGSTAR]",1.004075548121742,16
"M@[,CROSSOVER-MACD]P@[,BELTHOLD,ENGULFING,LONGLINE]V@[,AD:OBV]",1.0049253257070299,1
"M@[,APO]P@[,HARAMI,SPINNINGTOP]",1.007243621332275,3
"M@[,ADXR20]P@[,HANGINGMAN,SHORTLINE]",1.0117582718074896,1
"M@[,RSI]P@[,EVENINGSTAR,EVENINGDOJISTAR]",1.021945406304824,1
"M@[,CROSSOVER-MACD]P@[,BELTHOLD,LONGLINE]V@[,AD:OBV]",1.033356540841502,3
"M@[,ADXR20]P@[,3OUTSIDE,LONGLINE]O@[,CROSSOVER21]",1.0344358241458973,1
"M@[,ADXR20,APO]P@[,ENGULFING,HIKKAKE]",1.046153846153839,1
"P@[,MARUBOZU,BELTHOLD,ENGULFING,CLOSINGMARUBOZU,EVENINGSTAR,LONGLINE]",1.0497490507964646,10
"M@[,AROON,CROSSOVER-MACD]P@[,BELTHOLD]",1.0677957931474225,26
"M@[,CROSSOVER-MACD]P@[,EVENINGSTAR,EVENINGDOJISTAR]",1.0776617371442718,5
"P@[,MARUBOZU,BELTHOLD,CLOSINGMARUBOZU,LONGLINE]V@[,AD:OBV]",1.0931931028075748,4
"M@[,CROSSOVER-MACD]P@[,ADVANCEBLOCK]",1.0945935865995196,2
"P@[,BELTHOLD,ENGULFING,EVENINGDOJISTAR]",1.0969285999202234,1
"M@[,AROON]P@[,HARAMI]",1.106949464215402,2
"M@[,APO,CROSSOVER-MACD]P@[,BELTHOLD,EVENINGSTAR]",1.108166706817626,1
"M@[,APO]P@[,ENGULFING,SPINNINGTOP,SHORTLINE]",1.1157601115760054,1
"M@[,CROSSOVER-MACD]P@[,EVENINGSTAR,2CROWS,LONGLINE]",1.1254019292604434,1
"M@[,ADXR40]P@[,BELTHOLD]",1.1320874638353373,5
"P@[,3OUTSIDE]O@[,CROSSOVER21]",1.1426550460663747,10
"M@[,CROSSOVER-MACD]P@[,BELTHOLD,3OUTSIDE,LONGLINE]O@[,CROSSOVER21]",1.1507704310512925,1
"P@[,CLOSINGMARUBOZU,EVENINGSTAR,EVENINGDOJISTAR]",1.1680440959327174,4
"M@[,CROSSOVER-MACD]P@[,BELTHOLD,HIKKAKE,LONGLINE]",1.1743055730969107,2
"M@[,ADXR20,AROON,CROSSOVER-MACD]P@[,BELTHOLD,LONGLINE]",1.1783439490445824,1
"P@[,CLOSINGMARUBOZU,EVENINGSTAR]",1.1810689341076503,4
"M@[,APO]P@[,ENGULFING,CLOSINGMARUBOZU,LONGLINE]",1.1820039989913775,4
"M@[,ADXR20,APO]P@[,ENGULFING]",1.1878712097530515,1
"P@[,ONNECK]",1.1886139033900007,10
"P@[,ENGULFING,CLOSINGMARUBOZU,LONGLINE]V@[,AD:OBV]",1.1911266182110083,2
"M@[,APO,AROON]P@[,BELTHOLD]",1.1934419435865504,5
"M@[,CROSSOVER-MACD]P@[,BELTHOLD,ENGULFING,LONGLINE,SEPARATINGLINES]",1.1985409067222423,1
"P@[,SPINNINGTOP]O@[,CROSSOVER21,CROSSOVER50]",1.2075718015665946,1
"M@[,ADXR40,AROON]P@[,BELTHOLD,LONGLINE]",1.2114918656974731,1
"M@[,ADXR40]P@[,BELTHOLD,ENGULFING,LONGLINE]",1.2192147589095859,4
"M@[,ADXR20,APO]P@[,LONGLINE]",1.224436628891491,1
"P@[,BELTHOLD,ENGULFING,3INSIDE]",1.230130072460836,1
"P@[,HIKKAKE,HIKKAKEMOD]",1.243492324091621,4
"M@[,APO]P@[,ENGULFING]O@[,CROSSOVER21]",1.2443283388627047,2
"P@[,BELTHOLD,ENGULFING,HIKKAKE,LONGLINE]O@[,CROSSOVER21]V@[,AD:OBV]",1.257861635220126,1
"M@[,ADXR20]P@[,BELTHOLD,LONGLINE]O@[,CROSSOVER50]",1.2594458438287153,1
"M@[,APO]P@[,MARUBOZU,BELTHOLD,CLOSINGMARUBOZU,3OUTSIDE,LONGLINE]",1.2636417169742038,3
"P@[,BELTHOLD,LONGLINE]O@[,CROSSOVER21,CROSSOVER50]",1.274939072675383,2
"M@[,RSI]P@[,ENGULFING,SHORTLINE]",1.2773233332507212,11
"M@[,RSI,CROSSOVER-MACD]P@[,HARAMI]",1.3020006351222684,1
"M@[,ADXR40,RSI]P@[,SPINNINGTOP]",1.3067400275103203,1
"M@[,CROSSOVER-MACD]P@[,BELTHOLD,EVENINGSTAR,EVENINGDOJISTAR,LONGLINE,SEPARATINGLINES]",1.3083490409136345,1
"P@[,ENGULFING,EVENINGSTAR,EVENINGDOJISTAR]",1.3194887793147454,7
"M@[,APO]P@[,CLOSINGMARUBOZU,3OUTSIDE,LONGLINE]",1.325051576814366,3
"M@[,APO]P@[,SPINNINGTOP]V@[,AD:OBV]",1.326195400900364,1
"P@[,BELTHOLD,ENGULFING]O@[,CROSSOVER21]",1.347463622365693,4
"P@[,SHOOTINGSTAR,ADVANCEBLOCK]",1.3497770324702882,16
"M@[,ADXR20]P@[,BELTHOLD,LONGLINE,SEPARATINGLINES]",1.3556904696508694,2
"M@[,CROSSOVER-MACD]P@[,HARAMI]O@[,CROSSOVER50]",1.3565891472868135,1
"P@[,BELTHOLD,EVENINGSTAR,EVENINGDOJISTAR,LONGLINE,SEPARATINGLINES]",1.3744244687448235,6
"M@[,APO]P@[,HANGINGMAN,SHORTLINE]",1.38445154419595,1
"M@[,APO]P@[,SPINNINGTOP,HIGHWAVE]",1.4121190115214408,4
"M@[,APO]P@[,BELTHOLD,ENGULFING]",1.4125178674313643,4
"M@[,APO]P@[,3OUTSIDE,LONGLINE]",1.4238670370863187,9
"M@[,AROON]P@[,MARUBOZU,BELTHOLD,CLOSINGMARUBOZU,LONGLINE,SEPARATINGLINES]O@[,CROSSOVER21]",1.4296905601253338,1
"M@[,CROSSOVER-MACD]P@[,BELTHOLD,LONGLINE]O@[,CROSSOVER50]",1.4407898777716333,2
"M@[,CROSSOVER-MACD]P@[,SHORTLINE,UPSIDEGAP2CROWS]",1.454138702460847,1
"M@[,APO]P@[,MARUBOZU,BELTHOLD,CLOSINGMARUBOZU,EVENINGSTAR,2CROWS,LONGLINE]",1.4747285158868482,1
"M@[,CROSSOVER-MACD]P@[,SPINNINGTOP]V@[,AD]",1.4820396885204665,1
"M@[,AROON]P@[,MARUBOZU,BELTHOLD,CLOSINGMARUBOZU,3OUTSIDE,LONGLINE]",1.4929084507454329,2
"M@[,AROON]P@[,BELTHOLD]O@[,CROSSOVER21]",1.5164520743919918,1
"M@[,AROON]P@[,CLOSINGMARUBOZU,HIKKAKE,LONGLINE]",1.542006380716046,1
"M@[,APO,AROON]P@[,BELTHOLD,ENGULFING,LONGLINE]",1.5586991496363352,2
"M@[,RSI]P@[,BELTHOLD,3INSIDE,LONGLINE]",1.566041623737887,1
"P@[,HIKKAKE]O@[,CROSSOVER21]",1.575291704727592,1
"M@[,APO]P@[,BELTHOLD,ENGULFING,EVENINGSTAR,EVENINGDOJISTAR,LONGLINE]",1.5759589014639315,1
"M@[,AROON]P@[,HANGINGMAN,HIKKAKE,SHORTLINE]",1.5789473684210564,1
"M@[,APO]P@[,BELTHOLD,3OUTSIDE,LONGLINE]",1.5809479426208919,7
"M@[,AROON]P@[,BELTHOLD,LONGLINE]O@[,CROSSOVER21,CROSSOVER50]",1.5881809787627006,1
"M@[,AROON]P@[,LONGLINE]V@[,AD:OBV]",1.5921152388172815,1
"P@[,MARUBOZU,BELTHOLD,CLOSINGMARUBOZU,COUNTERATTACK,LONGLINE]",1.6029853584668432,2
"M@[,ADXR20,CROSSOVER-MACD]P@[,SPINNINGTOP,HIGHWAVE]",1.6067873732107136,1
"M@[,AROON]P@[,BELTHOLD,ENGULFING,LONGLINE,SEPARATINGLINES]",1.614868982327845,1
"M@[,RSI]P@[,MARUBOZU,BELTHOLD,CLOSINGMARUBOZU,LONGLINE]",1.6377037079803336,10
"P@[,BELTHOLD,3OUTSIDE]O@[,CROSSOVER21]",1.658206429780026,1
"P@[,CLOSINGMARUBOZU,DARKCLOUDCOVER,HIKKAKE,LONGLINE]",1.686506722442948,4
"P@[,BELTHOLD,ENGULFING,HIKKAKE]",1.694665487768936,1
"M@[,CCI]P@[,3OUTSIDE]",1.7052351683076745,1
"P@[,DARKCLOUDCOVER]O@[,CROSSOVER50]",1.7251293847038527,1
"M@[,RSI]P@[,BELTHOLD,EVENINGSTAR,LONGLINE]",1.7395021620141788,3
"P@[,ENGULFING,EVENINGDOJISTAR,LONGLINE]",1.7657577112203922,1
"P@[,MARUBOZU,BELTHOLD,ENGULFING,CLOSINGMARUBOZU,EVENINGDOJISTAR,LONGLINE]",1.7707362534948794,1
"M@[,CROSSOVER-MACD,RSI]P@[,BELTHOLD]",1.7852288173991884,1
"P@[,HIKKAKE,SHORTLINE]O@[,CROSSOVER21]",1.7972681524083396,1
"P@[,BELTHOLD,3INSIDE]",1.808712675279088,5
"P@[,ENGULFING]O@[,CROSSOVER50]",1.816171030722644,5
"M@[,APO,CROSSOVER-MACD]P@[,SHORTLINE]",1.8338727076591121,1
"M@[,APO]P@[,HIKKAKE]",1.8382774962693207,1
"M@[,ADXR40]P@[,LONGLINE]",1.846337748013461,3
"P@[,SHORTLINE]V@[,AD:OBV]",1.8661010138782945,5
"M@[,APO]P@[,BELTHOLD,SEPARATINGLINES]",1.8827326519634213,1
"M@[,AROON,CROSSOVER-MACD]P@[,SHORTLINE]",1.8893021902902842,8
"M@[,RSI]P@[,BELTHOLD,LONGLINE,SEPARATINGLINES]",1.8960546991936635,2
"P@[,3OUTSIDE,SHORTLINE]O@[,CROSSOVER50]",1.9183922046285056,1
"P@[,HARAMI,SHORTLINE]O@[,CROSSOVER21]",1.939727875857416,1
"P@[,BELTHOLD,LONGLINE,RISEFALL3METHODS]",1.9430550211619824,1
"M@[,CROSSOVER-MACD]P@[,MARUBOZU,BELTHOLD,CLOSINGMARUBOZU,EVENINGSTAR,EVENINGDOJISTAR,LONGLINE]",2.0014295925661063,1
"M@[,ADXR20]P@[,CLOSINGMARUBOZU,3OUTSIDE,LONGLINE]",2.0159798038541794,2
"M@[,ADXR20,APO]P@[,LONGLINE]O@[,CROSSOVER21]",2.028784827123211,1
"M@[,ADXR20]P@[,ENGULFING,SHORTLINE]",2.0320895081965324,7
"M@[,CROSSOVER-MACD]P@[,BELTHOLD]O@[,CROSSOVER21]",2.0429560433788385,2
"P@[,HARAMI,SHORTLINE]O@[,CROSSOVER50]",2.0447072679982288,2
"M@[,ADXR20,RSI]P@[,SPINNINGTOP]",2.0568574157055757,1
"M@[,AROON]P@[,BELTHOLD]O@[,CROSSOVER50]",2.063976607987609,2
"M@[,AROON]P@[,BELTHOLD,LONGLINE,SEPARATINGLINES]",2.067002909634239,3
"P@[,3OUTSIDE]O@[,CROSSOVER50]",2.087412090424812,2
"M@[,ADXR20,AROON]P@[,SHORTLINE]",2.1113831089351214,1
"M@[,ADXR20]P@[,HARAMI,SPINNINGTOP,HIGHWAVE]",2.1136063408190084,1
"M@[,APO]P@[,BELTHOLD,ENGULFING,EVENINGSTAR]",2.1630615640598956,1
"M@[,ADXR20]P@[,BELTHOLD,LONGLINE]O@[,CROSSOVER21]",2.1811608409515424,2
"M@[,CROSSOVER-MACD]P@[,BELTHOLD,EVENINGSTAR]",2.2711142654364713,1
"M@[,AROON]P@[,HIKKAKE]",2.339331619537281,1
"M@[,APO,AROON]P@[,DARKCLOUDCOVER]",2.345593337959747,1
"M@[,RSI]P@[,ENGULFING,EVENINGSTAR]",2.357406707528223,5
"M@[,APO]P@[,SHORTLINE]O@[,CROSSOVER50]",2.407041494521282,1
"M@[,RSI]P@[,3OUTSIDE]",2.4229158629857186,2
"P@[,HIKKAKE,HIKKAKEMOD,LONGLINE]",2.443050551415564,2
"M@[,AROON,CROSSOVER-MACD]P@[,BELTHOLD,LONGLINE,SEPARATINGLINES]",2.4665320202327123,1
"P@[,MARUBOZU,BELTHOLD,CLOSINGMARUBOZU,3BLACKCROWS,LONGLINE]",2.473057288712417,1
"M@[,ADXR40]P@[,BELTHOLD,ENGULFING]",2.4926686217008838,1
"P@[,HARAMI]O@[,CROSSOVER21]",2.493820493892915,3
"P@[,BELTHOLD,3OUTSIDE,LONGLINE]V@[,AD:OBV]",2.5006205013651144,1
"M@[,ADXR20,RSI]P@[,BELTHOLD,LONGLINE]",2.512823842607626,1
"M@[,ADXR20]P@[,BELTHOLD]O@[,CROSSOVER21]",2.5277938326590252,1
"M@[,RSI]P@[,EVENINGDOJISTAR]",2.530711235303422,1
"M@[,APO]P@[,ENGULFING,EVENINGSTAR,EVENINGDOJISTAR]",2.564102564102564,1
"P@[,BELTHOLD,EVENINGSTAR]O@[,CROSSOVER21]",2.571091493429896,1
"M@[,APO]P@[,EVENINGSTAR,LONGLINE]",2.5937765548496703,1
"M@[,APO,AROON]P@[,MARUBOZU,BELTHOLD,CLOSINGMARUBOZU,LONGLINE]",2.652519893899204,1
"M@[,ADXR40]P@[,SPINNINGTOP,3OUTSIDE]",2.6641294005708778,1
"P@[,ENGULFING,CLOSINGMARUBOZU,EVENINGSTAR]",2.687747035573127,1
"M@[,CROSSOVER-MACD]P@[,HANGINGMAN,SHORTLINE]",2.7006172839506175,1
"M@[,AROON,CROSSOVER-MACD]P@[,SPINNINGTOP]",2.7279623066791623,3
"M@[,CROSSOVER-MACD]P@[,ENGULFING,SPINNINGTOP]",2.736466389054131,1
"M@[,AROON]P@[,CLOSINGMARUBOZU,3OUTSIDE]",2.7542372881355868,1
"M@[,CROSSOVER-MACD]P@[,ENGULFING,CLOSINGMARUBOZU]",2.7850673295632093,2
"M@[,RSI]P@[,SHOOTINGSTAR]",2.856411991145846,3
"P@[,HANGINGMAN,ENGULFING]",2.875474172247442,1
"M@[,ADXR40,CROSSOVER-MACD]P@[,3OUTSIDE]",2.9036004645760745,1
"M@[,CROSSOVER-MACD]P@[,HANGINGMAN,SHORTLINE]O@[,CROSSOVER50]",2.905262187816791,1
"M@[,APO]P@[,SPINNINGTOP]O@[,CROSSOVER50]",2.966014418125639,1
"P@[,SPINNINGTOP,HIGHWAVE,HIKKAKE]V@[,AD]",2.9822975918345724,1
"M@[,AROON]P@[,BELTHOLD,ENGULFING,EVENINGSTAR,EVENINGDOJISTAR]",2.9895366218236172,1
"M@[,AROON]P@[,BELTHOLD,HIKKAKE,LONGLINE]",3.0194877938382345,2
"M@[,CROSSOVER-MACD]P@[,SPINNINGTOP,3INSIDE]",3.0490133509671686,2
"M@[,CROSSOVER-MACD]P@[,2CROWS]",3.14434376962411,1
"P@[,HANGINGMAN,ENGULFING,SHORTLINE]",3.149606299212595,1
"M@[,APO,CROSSOVER-MACD]P@[,CLOSINGMARUBOZU]",3.1860970311368613,1
"P@[,CLOSINGMARUBOZU]O@[,CROSSOVER50]",3.233830845771149,1
"M@[,AROON]P@[,SHORTLINE]V@[,AD:OBV]",3.376545070847148,1
"M@[,APO]P@[,BELTHOLD]O@[,CROSSOVER21]",3.4520221660509427,2
"P@[,CLOSINGMARUBOZU,3INSIDE]",3.481389074240622,1
"M@[,AROON,CROSSOVER-MACD]P@[,MARUBOZU,BELTHOLD,CLOSINGMARUBOZU,3OUTSIDE,LONGLINE]",3.4977578475336375,1
"M@[,APO]P@[,BELTHOLD,EVENINGSTAR,LONGLINE]O@[,CROSSOVER50]",3.539246925000863,1
"P@[,ENGULFING,EVENINGSTAR,LONGLINE]O@[,CROSSOVER50]",3.582089552238802,1
"M@[,ADXR40,RSI]P@[,BELTHOLD,ENGULFING,LONGLINE]",3.634957463263719,1
"M@[,AROON]P@[,ENGULFING,HIKKAKE]",3.691813804173347,1
"M@[,AROON]P@[,EVENINGSTAR,LONGLINE]",3.7383177570093498,1
"P@[,ENGULFING,HIKKAKE]O@[,CROSSOVER21]",3.754693366708385,1
"P@[,3INSIDE]O@[,CROSSOVER21,CROSSOVER50]",3.7823490378234825,1
"M@[,CROSSOVER-MACD]P@[,HANGINGMAN]",3.8416781686843113,3
"M@[,AROON,CROSSOVER-MACD]P@[,BELTHOLD,LONGLINE]O@[,CROSSOVER50]",4.141788813546547,2
"M@[,ADXR20,APO]P@[,3OUTSIDE]",4.246255533321211,1
"M@[,ADXR20]P@[,ENGULFING,HIKKAKE,SHORTLINE]",4.365307294658239,1
"P@[,BELTHOLD,ENGULFING,EVENINGDOJISTAR,LONGLINE]",4.368358913813462,1
"M@[,CROSSOVER-MACD,RSI]P@[,3OUTSIDE,LONGLINE]",4.684551644925745,1
"M@[,RSI]P@[,ENGULFING,EVENINGSTAR,EVENINGDOJISTAR]",4.878542510121462,1
"M@[,RSI]P@[,BELTHOLD,3OUTSIDE]",5.180388529139694,1
"P@[,BELTHOLD,EVENINGSTAR,HIKKAKE,LONGLINE]",5.185323848745775,1
"M@[,RSI]P@[,3INSIDE]",5.524001465738382,1
"M@[,ADXR40]P@[,BELTHOLD,COUNTERATTACK,LONGLINE]",5.545774647887334,1
"M@[,AROON,CROSSOVER-MACD]P@[,CLOSINGMARUBOZU,3OUTSIDE,LONGLINE]",6.040471156750226,1
"M@[,CROSSOVER-MACD]P@[,3OUTSIDE]O@[,CROSSOVER50]",6.694267770710824,1
"P@[,SPINNINGTOP,HIKKAKE,HIKKAKEMOD,SHORTLINE]",6.962785114045615,1
"M@[,RSI]P@[,3OUTSIDE,SHORTLINE]",7.961165048543692,1
"P@[,HARAMI,SPINNINGTOP]O@[,CROSSOVER21]",9.63108778069409,1
