buyIndia,avg,count
"P@[,CDLINVERTEDHAMMER,DOJI,DOJISTAR,GRAVESTONEDOJI,LONGLEGGEDDOJI]",19.766397124887707,1
"P@[,SPINNINGTOP,HIGHWAVE]V@[,AD:OBV]",9.52423617955382,1
"M@[,AROON,CCI:BOP]P@[,3OUTSIDE]",8.447552447552445,1
"M@[,ADXR40,RSI:BOP]P@[,HARAMI,HARAMICROSS,DOJI,LONGLEGGEDDOJI,SPINNINGTOP,HIGHWAVE,RICKSHAWMAN]",8.115543328748268,1
"M@[,AROON:BOP]P@[,BELTHOLD,SEPARATINGLINES]",7.048927709170339,4
"M@[,CCI,RSI:BOP]P@[,MARUBOZU,BELTHOLD,CLOSINGMARUBOZU,3INSIDE,LONGLINE]",6.469408224674026,1
"M@[,AROON:BOP]P@[,ENGULFING,SPINNINGTOP]",6.054977711738489,1
"M@[,APO:BOP]P@[,SPINNINGTOP]O@[,CROSSOVER21,CROSSOVER50]",5.515601712758147,1
"M@[,ADXR40,CCI:BOP]P@[,DOJI,LONGLEGGEDDOJI,SPINNINGTOP,HIGHWAVE,RICKSHAWMAN]",5.385288966725036,1
"M@[,ADXR20,CCI:BOP]P@[,MARUBOZU,BELTHOLD,CLOSINGMARUBOZU,LONGLINE]",5.363494792519591,2
"M@[,APO,AROON,CCI:BOP]P@[,BELTHOLD,SEPARATINGLINES]",5.265519820493649,1
"M@[,CCI:BOP]P@[,HARAMI,HARAMICROSS,DOJI,LONGLEGGEDDOJI,SHORTLINE]",5.24117917684115,1
"M@[,RSI]P@[,MATCHINGLOW]",4.917589840583623,1
"M@[,AROON,CCI:BOP]P@[,ENGULFING,CLOSINGMARUBOZU,LONGLINE]",4.908500085513927,1
"M@[,CCI,RSI:BOP]P@[,HARAMI,SPINNINGTOP]",4.810945273631831,1
"M@[,APO:BOP]P@[,SPINNINGTOP,3INSIDE]",4.765248796147673,1
"M@[,ADXR20:BOP]P@[,HARAMI,SPINNINGTOP,HIGHWAVE,HIKKAKE]",4.583956153462888,1
"P@[,3OUTSIDE,LONGLINE]O@[,CROSSOVER21]",4.565894306453611,3
"M@[,AROON:BOP]P@[,DOJI,GRAVESTONEDOJI,LONGLEGGEDDOJI,SPINNINGTOP,HIGHWAVE]",4.55717970765262,1
"M@[,ADXR20,RSI:BOP]P@[,HARAMI,SHORTLINE]",4.410616705698677,1
"M@[,CCI,RSI:BOP]P@[,CLOSINGMARUBOZU,MORNINGSTAR,MORNINGDOJISTAR]",4.356613518975958,1
"P@[,SPINNINGTOP,HIGHWAVE,SHORTLINE]O@[,CROSSOVER21]",4.274261416485804,1
"P@[,BELTHOLD,COUNTERATTACK]",4.1474049021847526,2
"M@[,ADXR20:BOP]P@[,HAMMER,HARAMI]",4.138812426268178,1
"M@[,RSI]P@[,HARAMI,HOMINGPIGEON]",4.137762526079887,5
"P@[,DOJI,DRAGONFLYDOJI,LONGLEGGEDDOJI,HIKKAKE,HIKKAKEMOD,SHORTLINE,TAKURI]",4.0746020432406835,1
"M@[,RSI:BOP]P@[,DOJI,DRAGONFLYDOJI,LONGLEGGEDDOJI,SPINNINGTOP,HIGHWAVE,RICKSHAWMAN,SHORTLINE,TAKURI]",4.06429875052647,1
"M@[,APO:BOP]P@[,LONGLINE]O@[,CROSSOVER21,CROSSOVER50]",4.057142857142853,1
"P@[,HIKKAKE,STICKSANDWICH]",4.012112036336117,1
"P@[,DOJI,LONGLEGGEDDOJI,SPINNINGTOP,HIKKAKE,RICKSHAWMAN,SHORTLINE]O@[,CROSSOVER21]",3.9387308533916783,1
"P@[,ENGULFING,SPINNINGTOP,SHORTLINE]",3.9359139540342674,6
"M@[,AROON,CCI:BOP]P@[,BELTHOLD]",3.8616713491248023,10
"M@[,AROON:BOP]P@[,MARUBOZU,BELTHOLD,CLOSINGMARUBOZU,3OUTSIDE,LONGLINE]",3.8249536684778245,2
"P@[,DOJI,DRAGONFLYDOJI,LONGLEGGEDDOJI,SPINNINGTOP,HIKKAKE,TAKURI]",3.819470628157763,1
"P@[,CDLINVERTEDHAMMER,DOJI,DOJISTAR,GRAVESTONEDOJI,LONGLEGGEDDOJI,SPINNINGTOP,HIGHWAVE,HIKKAKE,RICKSHAWMAN]",3.747680890538042,1
"M@[,CCI:BOP]P@[,SPINNINGTOP,SHORTLINE,UNIQUE3RIVER]",3.6870503597122304,1
"M@[,ADXR40,RSI:BOP]P@[,CLOSINGMARUBOZU,LONGLINE]",3.6431962025316422,1
"M@[,CCI:BOP]P@[,SPINNINGTOP,HIKKAKE]",3.633633633633641,1
"M@[,ADXR40:BOP]P@[,ENGULFING]",3.6111516566924484,1
"M@[,CCI:BOP]P@[,DOJI,LONGLEGGEDDOJI,SPINNINGTOP,3INSIDE,HIGHWAVE,UNIQUE3RIVER]",3.5785446720331446,1
"M@[,AROON:BOP]P@[,DOJI,LONGLEGGEDDOJI,SPINNINGTOP]",3.506559411537117,1
"P@[,PIERCING,HIKKAKE,LONGLINE]",3.461655385492032,3
"M@[,APO:BOP]P@[,SPINNINGTOP,3OUTSIDE]",3.406774443663501,2
"P@[,DOJI,LONGLEGGEDDOJI,SPINNINGTOP,HIGHWAVE,RICKSHAWMAN,SHORTLINE]O@[,CROSSOVER50]",3.391483367645473,1
"M@[,CCI,RSI:BOP]P@[,BELTHOLD,ENGULFING,LONGLINE]",3.3839858058608057,1
"M@[,ADXR20:BOP]P@[,DOJI,LONGLEGGEDDOJI,SPINNINGTOP,HIGHWAVE,HIKKAKE]",3.2814952204308745,1
"M@[,APO:BOP]P@[,PIERCING]",3.188586575192941,1
"M@[,ADXR20:BOP]P@[,CDLINVERTEDHAMMER,DOJI,GRAVESTONEDOJI,LONGLEGGEDDOJI]",3.170731707317066,1
"M@[,ADXR20,APO:BOP]P@[,BELTHOLD]",3.1495320408683143,3
"M@[,RSI:BOP]P@[,BELTHOLD,PIERCING,LONGLINE]",3.121723937099587,1
"P@[,DOJI,LONGLEGGEDDOJI,SPINNINGTOP,HIKKAKE,HIKKAKEMOD,RICKSHAWMAN,SHORTLINE]",3.1007751937984622,1
"M@[,RSI:BOP]P@[,HARAMI,HARAMICROSS,DOJI,LONGLEGGEDDOJI,SPINNINGTOP,RICKSHAWMAN]",3.086956521739128,1
"P@[,DOJI,DOJISTAR,DRAGONFLYDOJI,LONGLEGGEDDOJI,TAKURI]",3.017543859649131,1
"M@[,ADXR20,RSI:BOP]P@[,DOJI,LONGLEGGEDDOJI,SPINNINGTOP,HIGHWAVE,RICKSHAWMAN,SHORTLINE]",2.976557642792743,2
"M@[,CCI,RSI:BOP]P@[,BELTHOLD,MORNINGSTAR,LONGLINE]",2.936344969199181,1
"M@[,ADXR40:BOP]P@[,MARUBOZU,BELTHOLD,CLOSINGMARUBOZU,LONGLINE]",2.9244530366894197,2
"M@[,CCI:BOP]P@[,BELTHOLD,MORNINGSTAR]",2.92287503293259,6
"M@[,APO:BOP]P@[,MARUBOZU,BELTHOLD,CLOSINGMARUBOZU,MORNINGSTAR,MORNINGDOJISTAR,LONGLINE]",2.8837209302325526,1
"M@[,AROON:BOP]P@[,MARUBOZU,BELTHOLD,CLOSINGMARUBOZU,PIERCING,LONGLINE]",2.8822452285372178,1
"P@[,ENGULFING,DOJI,LONGLEGGEDDOJI,SPINNINGTOP,RICKSHAWMAN,SHORTLINE,UNIQUE3RIVER]",2.761770142437749,1
"M@[,APO:BOP]P@[,3INSIDE]V@[,AD:OBV]",2.7493942905298665,1
"P@[,SHORTLINE]O@[,CROSSOVER50]",2.712158787156003,8
"P@[,HARAMI,HIKKAKE,HOMINGPIGEON]",2.6834467781371063,3
"M@[,APO,CCI:BOP]P@[,LONGLINE]",2.6713992153932504,1
"M@[,CCI:BOP]P@[,BELTHOLD,MORNINGSTAR,LONGLINE,SEPARATINGLINES]",2.651523038013915,2
"M@[,CCI:BOP]P@[,BELTHOLD,SEPARATINGLINES]",2.6226143197079184,10
"P@[,BELTHOLD,PIERCING,HIKKAKE]",2.5874793783103196,1
"M@[,APO:BOP]P@[,HARAMI,SPINNINGTOP,HIGHWAVE]",2.573529411764702,1
"M@[,RSI,CCI:BOP]P@[,SPINNINGTOP]",2.5677960794137906,1
"M@[,ADXR40,RSI:BOP]P@[,BELTHOLD,ENGULFING,LONGLINE]",2.5600630169358016,1
"P@[,CLOSINGMARUBOZU,3INSIDE]",2.5492887633633288,12
"M@[,CCI,RSI:BOP]P@[,HARAMI,HARAMICROSS,DOJI,DRAGONFLYDOJI,LONGLEGGEDDOJI,SPINNINGTOP,RICKSHAWMAN,TAKURI]",2.516796932986535,1
"M@[,ADXR20:BOP]P@[,3OUTSIDE]O@[,CROSSOVER21]",2.5,1
"M@[,AROON:BOP]P@[,CLOSINGMARUBOZU,3INSIDE,LONGLINE]",2.4947030278176476,1
"P@[,ENGULFING,3INSIDE,LONGLINE]O@[,CROSSOVER21]",2.4099815885135296,2
"P@[,HAMMER,DOJI,DRAGONFLYDOJI,LONGLEGGEDDOJI,TAKURI,TASUKIGAP]",2.407954015845891,1
"M@[,APO:BOP]P@[,BELTHOLD,PIERCING]",2.3833377273925676,1
"M@[,ADXR40,RSI:BOP]P@[,HARAMI]",2.3586926391653833,1
"M@[,APO:BOP]P@[,MARUBOZU,BELTHOLD,CLOSINGMARUBOZU,PIERCING,LONGLINE]",2.3576831759704073,1
"M@[,CCI:BOP]P@[,DOJI,LONGLEGGEDDOJI,SPINNINGTOP,HIGHWAVE,RICKSHAWMAN,UNIQUE3RIVER]",2.3433615701677892,3
"M@[,AROON:BOP]P@[,ENGULFING,SHORTLINE,UNIQUE3RIVER]",2.329825415171236,1
"M@[,RSI,CCI:BOP]P@[,LONGLINE]",2.3204419889502703,1
"P@[,ENGULFING,MORNINGSTAR,MORNINGDOJISTAR]O@[,CROSSOVER21]",2.3179809961871305,1
"M@[,RSI:BOP]P@[,HARAMI,HARAMICROSS,DOJI,LONGLEGGEDDOJI,SPINNINGTOP,HIGHWAVE,HIKKAKE,RICKSHAWMAN]",2.2640480087288473,1
"M@[,APO,AROON:BOP]P@[,BELTHOLD,3OUTSIDE,LONGLINE]",2.256878407506017,1
"P@[,DOJI,DRAGONFLYDOJI,LONGLEGGEDDOJI,SPINNINGTOP,HIGHWAVE,HIKKAKE,RICKSHAWMAN,TAKURI]",2.227919724162324,1
"M@[,CCI:BOP]P@[,SPINNINGTOP,HIGHWAVE,UNIQUE3RIVER]",2.202742189256015,1
"M@[,ADXR20,CCI:BOP]P@[,CLOSINGMARUBOZU,LONGLINE]",2.179710144927531,1
"M@[,ADXR20:BOP]P@[,3OUTSIDE,LONGLINE]",2.1342564720048194,1
"M@[,RSI]P@[,DOJI,LONGLEGGEDDOJI,SPINNINGTOP,HIGHWAVE,RICKSHAWMAN]",2.1276595744680904,1
"P@[,CDLINVERTEDHAMMER,SHORTLINE]O@[,CROSSOVER21]",2.1176282563528845,1
"M@[,RSI,CCI:BOP]P@[,HARAMI,HARAMICROSS,DOJI,LONGLEGGEDDOJI,SPINNINGTOP,HIGHWAVE,RICKSHAWMAN,SHORTLINE]",2.114867359316499,1
"M@[,APO:BOP]P@[,3OUTSIDE,LONGLINE]O@[,CROSSOVER21]",2.1019291678664014,1
"M@[,AROON,CCI:BOP]P@[,DOJI,DRAGONFLYDOJI,LONGLEGGEDDOJI,SHORTLINE]",2.099817407181977,1
"M@[,CCI:BOP]P@[,ENGULFING,MORNINGSTAR,LONGLINE]",2.0769736559662255,1
"P@[,BELTHOLD,ENGULFING,HIKKAKE]",2.0762178680568164,1
"M@[,RSI]P@[,HAMMER,HIKKAKE]",2.0717829004960673,1
"M@[,ADXR20:BOP]P@[,HARAMI,SPINNINGTOP,SHORTLINE]",2.0556565515312446,1
"M@[,APO:BOP]P@[,HARAMI,HARAMICROSS,DOJI,LONGLEGGEDDOJI,SPINNINGTOP,HIGHWAVE,RICKSHAWMAN,SHORTLINE]",2.0347564538718266,3
"M@[,ADXR20:BOP]P@[,DOJI,LONGLEGGEDDOJI,SPINNINGTOP,HIGHWAVE,HIKKAKE,RICKSHAWMAN]",2.0313553167601603,2
"P@[,LONGLINE]O@[,CROSSOVER21]V@[,AD:OBV]",2.0303567908535403,1
"M@[,APO,CCI:BOP]P@[,HARAMI,SPINNINGTOP]",2.0281690140844986,1
"M@[,APO,RSI:BOP]P@[,DOJI,LONGLEGGEDDOJI,SPINNINGTOP,HIGHWAVE,RICKSHAWMAN]",2.008520998174061,1
"M@[,RSI]P@[,HAMMER]",2.008056175163944,7
"P@[,HARAMI,SHORTLINE]O@[,CROSSOVER21]",1.9574329852740422,4
"M@[,CCI:BOP]P@[,SPINNINGTOP,3OUTSIDE,SHORTLINE]",1.9555555555555624,1
"M@[,CCI:BOP]P@[,HARAMI,HARAMICROSS,DOJI,LONGLEGGEDDOJI,SPINNINGTOP,RICKSHAWMAN]",1.9342816083999974,2
"P@[,BELTHOLD,RISEFALL3METHODS,SEPARATINGLINES]",1.9270192701926974,1
"P@[,ENGULFING,DOJI,GRAVESTONEDOJI,LONGLEGGEDDOJI]",1.9242579324462594,1
"P@[,DOJI,LONGLEGGEDDOJI,SPINNINGTOP,3INSIDE,HIGHWAVE,RICKSHAWMAN,UNIQUE3RIVER]",1.9170085200378815,1
"P@[,HARAMI,SPINNINGTOP,HIKKAKE,SHORTLINE]",1.8975623525793552,2
"P@[,CLOSINGMARUBOZU,3OUTSIDE]O@[,CROSSOVER21]",1.8825015792798456,1
"M@[,CCI:BOP]P@[,SHORTLINE,UNIQUE3RIVER]",1.8769985392015487,2
"M@[,CCI:BOP]P@[,MARUBOZU,BELTHOLD,CLOSINGMARUBOZU,3INSIDE,LONGLINE]",1.8764819735409635,7
"M@[,APO:BOP]P@[,ENGULFING,CLOSINGMARUBOZU]",1.86412743259794,2
"M@[,CCI:BOP]P@[,HIKKAKE,SHORTLINE]",1.8635724331926906,1
"M@[,ADXR20:BOP]P@[,DOJI,DOJISTAR,LONGLEGGEDDOJI,SPINNINGTOP,HIGHWAVE]",1.858736059479554,1
"P@[,CLOSINGMARUBOZU,3INSIDE]O@[,CROSSOVER50]",1.8235225697565016,2
"M@[,ADXR40:BOP]P@[,BELTHOLD]",1.822252927626097,8
"M@[,ADXR20,RSI:BOP]P@[,LONGLINE]",1.820003339455665,1
"M@[,ADXR20:BOP]P@[,3INSIDE]",1.819028127124886,2
"P@[,HAMMER,DOJI,DRAGONFLYDOJI,LONGLEGGEDDOJI,HIKKAKE,MATCHINGLOW,TAKURI]",1.818849928128799,3
"P@[,HAMMER,ENGULFING,SHORTLINE]",1.802544027203467,2
"M@[,AROON:BOP]P@[,ENGULFING,CLOSINGMARUBOZU,LONGLINE]",1.7720350715274618,1
"P@[,CLOSINGMARUBOZU,LONGLINE,MATHOLD,RISEFALL3METHODS]",1.7523557612828606,1
"P@[,MATHOLD]",1.7447035784226375,1
"M@[,AROON,CCI:BOP]P@[,DOJI,LONGLEGGEDDOJI,SPINNINGTOP,HIGHWAVE,RICKSHAWMAN,SHORTLINE]",1.7403411068569439,1
"M@[,RSI,CCI:BOP]P@[,DOJI,LONGLEGGEDDOJI,SPINNINGTOP,HIGHWAVE,RICKSHAWMAN,SHORTLINE,UNIQUE3RIVER]",1.7334130304841464,1
"P@[,CLOSINGMARUBOZU,3INSIDE]O@[,CROSSOVER21]",1.7309023771059313,1
"M@[,ADXR40:BOP]P@[,ENGULFING,LONGLINE]",1.7073811400052534,1
"M@[,ADXR40,RSI:BOP]P@[,BELTHOLD,LONGLINE]",1.7003567181926225,1
"P@[,BELTHOLD,PIERCING,LONGLINE]O@[,CROSSOVER21]",1.6936342142374126,2
"M@[,RSI:BOP]P@[,DOJI,GRAVESTONEDOJI,LONGLEGGEDDOJI]",1.6832622095779952,1
"P@[,MARUBOZU,BELTHOLD,CLOSINGMARUBOZU,PIERCING,HIKKAKE,LONGLINE]",1.6724127318903799,2
"M@[,CCI:BOP]P@[,HARAMI,HARAMICROSS,DOJI,GRAVESTONEDOJI,LONGLEGGEDDOJI,SPINNINGTOP,RICKSHAWMAN,SHORTLINE]",1.6720769277883234,1
"P@[,HAMMER,HARAMI,HARAMICROSS,DOJI,DRAGONFLYDOJI,LONGLEGGEDDOJI,HOMINGPIGEON,TAKURI]",1.6681901279707392,1
"P@[,DOJI,DRAGONFLYDOJI,LONGLEGGEDDOJI,SPINNINGTOP,HIGHWAVE,RICKSHAWMAN,SHORTLINE,TAKURI]",1.661504461813287,4
"M@[,RSI:BOP]P@[,SPINNINGTOP,HIGHWAVE]",1.6581874044687783,4
"M@[,AROON:BOP]P@[,3INSIDE,SHORTLINE]",1.6165292795203963,1
"M@[,RSI]P@[,DOJI,LONGLEGGEDDOJI,SPINNINGTOP,HIGHWAVE,RICKSHAWMAN,UNIQUE3RIVER]",1.6157535975763637,1
"P@[,3INSIDE,LONGLINE]V@[,AD:OBV]",1.575508788159112,1
"P@[,DOJI,DOJISTAR,LONGLEGGEDDOJI,SPINNINGTOP,HIGHWAVE,RICKSHAWMAN]V@[,AD]",1.5671641791044733,1
"M@[,ADXR20,CCI:BOP]P@[,HARAMI,HARAMICROSS,DOJI,LONGLEGGEDDOJI,SPINNINGTOP,HIGHWAVE,RICKSHAWMAN]",1.553784860557771,1
"P@[,DOJI,DRAGONFLYDOJI,LONGLEGGEDDOJI,SPINNINGTOP,HIGHWAVE,RICKSHAWMAN,TAKURI,UNIQUE3RIVER]",1.54028436018957,1
"P@[,HARAMI,HARAMICROSS,DOJI,LONGLEGGEDDOJI,SHORTLINE]",1.5387593148166159,1
"M@[,ADXR40,CCI:BOP]P@[,BELTHOLD,LONGLINE]",1.5361630340713366,2
"P@[,DOJI,GRAVESTONEDOJI,LONGLEGGEDDOJI,UNIQUE3RIVER]",1.5266806773437644,1
"P@[,HARAMI,SPINNINGTOP,HIGHWAVE,HIKKAKE]",1.5247048844367088,5
"P@[,ENGULFING,CLOSINGMARUBOZU,3INSIDE]",1.515873772523583,1
"P@[,CLOSINGMARUBOZU,MORNINGSTAR,LONGLINE]",1.5118056168340965,5
"P@[,DOJI,LONGLEGGEDDOJI,SPINNINGTOP,RICKSHAWMAN]O@[,CROSSOVER21]",1.5102356779042174,2
"P@[,BELTHOLD,ENGULFING,LONGLINE]O@[,CROSSOVER50]",1.509346900949655,3
"M@[,APO:BOP]P@[,ENGULFING,SPINNINGTOP,SHORTLINE]",1.4871711063899369,1
"M@[,CCI,RSI:BOP]P@[,BELTHOLD]",1.476453735068277,4
"M@[,CCI:BOP]P@[,BELTHOLD,MORNINGSTAR,LONGLINE]",1.4746265737858457,13
"P@[,SPINNINGTOP,3INSIDE,UNIQUE3RIVER]",1.4722598909070828,3
"P@[,DOJI,DOJISTAR,GRAVESTONEDOJI,LONGLEGGEDDOJI,SPINNINGTOP,HIGHWAVE,RICKSHAWMAN]",1.471618780658714,1
"P@[,SPINNINGTOP,3INSIDE,HIGHWAVE]",1.4630787767513913,1
"M@[,ADXR20:BOP]P@[,ENGULFING,LONGLINE]",1.458981104998796,1
"M@[,AROON:BOP]P@[,BELTHOLD,ENGULFING,MORNINGSTAR,LONGLINE]",1.4547754585705321,1
"P@[,SPINNINGTOP,HIGHWAVE,SHORTLINE]O@[,CROSSOVER50]",1.4470082127493111,1
"P@[,LONGLINE]O@[,CROSSOVER21,CROSSOVER50]",1.3963039014373675,1
"M@[,APO:BOP]P@[,DOJI,LONGLEGGEDDOJI,SPINNINGTOP,RICKSHAWMAN]",1.3939389419237023,3
"P@[,SPINNINGTOP,3OUTSIDE,SHORTLINE]",1.3889130129647278,7
"M@[,RSI]P@[,DOJI,LONGLEGGEDDOJI,SPINNINGTOP,HIGHWAVE,RICKSHAWMAN,SHORTLINE]",1.386731023923129,2
"M@[,APO,AROON:BOP]P@[,HARAMI,HARAMICROSS,DOJI,LONGLEGGEDDOJI,SPINNINGTOP,HIGHWAVE,RICKSHAWMAN]",1.381081785355318,1
"M@[,AROON:BOP]P@[,CLOSINGMARUBOZU,3OUTSIDE,LONGLINE]",1.3799448022079117,1
"M@[,CCI:BOP]P@[,BELTHOLD,3INSIDE,LONGLINE]V@[,AD:OBV]",1.3733485049623813,1
"P@[,MARUBOZU,BELTHOLD,CLOSINGMARUBOZU,LONGLINE]V@[,AD:OBV]",1.3323275176890768,4
"M@[,ADXR20,CCI:BOP]P@[,SPINNINGTOP,SHORTLINE]",1.3275027330938625,1
"M@[,CCI:BOP]P@[,BELTHOLD,ENGULFING,MORNINGSTAR,MORNINGDOJISTAR]",1.3226966930756776,2
"M@[,APO,CCI:BOP]P@[,SPINNINGTOP]",1.3080444735120993,1
"M@[,RSI:BOP]P@[,BELTHOLD,3OUTSIDE,LONGLINE]",1.3030571343045996,2
"M@[,ADXR20,CCI,RSI:BOP]P@[,HARAMI,SPINNINGTOP,HIGHWAVE]",1.3029315960912122,1
"M@[,CCI:BOP]P@[,UNIQUE3RIVER]",1.2992413013189597,3
"M@[,AROON:BOP]P@[,BELTHOLD,MORNINGSTAR,MORNINGDOJISTAR]",1.29046725745969,2
"M@[,AROON,CCI:BOP]P@[,SHORTLINE]V@[,AD:OBV]",1.2813667912439815,1
"P@[,ENGULFING,HIKKAKE,SHORTLINE]",1.2708337356110484,4
"M@[,CCI,RSI:BOP]P@[,SPINNINGTOP,SHORTLINE]",1.2687427912341231,1
"M@[,APO:BOP]P@[,DOJI,LONGLEGGEDDOJI,SPINNINGTOP]",1.247541153328509,1
"M@[,AROON:BOP]P@[,BELTHOLD,LONGLINE,SEPARATINGLINES]V@[,AD:OBV]",1.240768094534707,1
"M@[,AROON:BOP]P@[,BELTHOLD,LONGLINE,SEPARATINGLINES]",1.2399194182172693,8
"P@[,CDLINVERTEDHAMMER,DOJI,DOJISTAR,GRAVESTONEDOJI,LONGLEGGEDDOJI,SPINNINGTOP,RICKSHAWMAN]",1.2263086433627408,2
"M@[,AROON:BOP]P@[,3INSIDE,LONGLINE]",1.219541599026779,4
"P@[,BELTHOLD,3INSIDE,LONGLINE,SEPARATINGLINES]",1.216085271317825,1
"M@[,CCI:BOP]P@[,MORNINGSTAR,MORNINGDOJISTAR,LONGLINE]",1.2122693741478499,6
"M@[,RSI:BOP]P@[,BELTHOLD,LONGLINE]",1.18935556697842,23
"M@[,RSI:BOP]P@[,CLOSINGMARUBOZU,LONGLINE]",1.1799847997253257,5
"M@[,AROON,CCI:BOP]P@[,3INSIDE]",1.1788192793991692,1
"M@[,RSI:BOP]P@[,MARUBOZU,BELTHOLD,CLOSINGMARUBOZU,LONGLINE]",1.171524710932218,6
"P@[,BELTHOLD,ENGULFING,3INSIDE]",1.1603722674884802,4
"P@[,HAMMER,TASUKIGAP]",1.1596901121165164,3
"M@[,ADXR40:BOP]P@[,SPINNINGTOP]",1.153838002989613,4
"M@[,CCI:BOP]P@[,DOJI,GRAVESTONEDOJI,LONGLEGGEDDOJI,SPINNINGTOP,RICKSHAWMAN]",1.1468331478480316,2
"P@[,DOJI,GRAVESTONEDOJI,LONGLEGGEDDOJI,SPINNINGTOP,HIGHWAVE,HIKKAKE,RICKSHAWMAN]",1.1352118386377388,1
"P@[,BELTHOLD]O@[,CROSSOVER21,CROSSOVER50]",1.1208632546829287,1
"P@[,BELTHOLD]O@[,CROSSOVER50]",1.104252404384654,13
"M@[,APO:BOP]P@[,DOJI,LONGLEGGEDDOJI,SPINNINGTOP,RICKSHAWMAN,SHORTLINE]",1.0810810810810836,1
"P@[,CLOSINGMARUBOZU]O@[,CROSSOVER21]",1.0752433158033086,3
"M@[,APO:BOP]P@[,3INSIDE,LONGLINE]",1.0723477266228196,2
"P@[,SHORTLINE,UNIQUE3RIVER]O@[,CROSSOVER21]",1.063093665471464,1
"P@[,SPINNINGTOP,HIGHWAVE,HIKKAKE,SHORTLINE]",1.0610079575596816,1
"M@[,AROON:BOP]P@[,3INSIDE]",1.0511862277078587,7
"P@[,DOJI,DRAGONFLYDOJI,LONGLEGGEDDOJI,SHORTLINE]",1.0486027739644808,2
"M@[,CCI:BOP]P@[,DOJI,LONGLEGGEDDOJI,SPINNINGTOP,HIGHWAVE,RICKSHAWMAN,SHORTLINE]",1.0400079835340554,23
"P@[,SPINNINGTOP,3INSIDE,SHORTLINE]",1.0360168869036466,3
"M@[,RSI,CCI:BOP]P@[,DOJI,LONGLEGGEDDOJI,SPINNINGTOP,HIGHWAVE,RICKSHAWMAN,SHORTLINE]",1.0344827586206897,1
"M@[,RSI:BOP]P@[,BELTHOLD]",1.0232131798138902,10
"M@[,ADXR20:BOP]P@[,DOJI,LONGLEGGEDDOJI,SPINNINGTOP,HIGHWAVE]",1.0201358545958215,2
"M@[,CCI:BOP]P@[,DOJI,GRAVESTONEDOJI,LONGLEGGEDDOJI,SHORTLINE]",1.0051046654267775,1
"M@[,AROON:BOP]P@[,CLOSINGMARUBOZU,LONGLINE]V@[,AD:OBV]",1.0037174721189548,1
"M@[,AROON:BOP]P@[,BELTHOLD]O@[,CROSSOVER50]",0.992258205212084,1
"P@[,DOJI,LONGLEGGEDDOJI,SPINNINGTOP,TRISTAR,HIGHWAVE,RICKSHAWMAN]",0.9863474925718064,5
"P@[,MARUBOZU,BELTHOLD,CLOSINGMARUBOZU,MORNINGSTAR,LONGLINE]",0.9833841980332239,1
"P@[,BELTHOLD,ENGULFING]O@[,CROSSOVER21]",0.9671397064874837,3
"M@[,CCI:BOP]P@[,BELTHOLD,3OUTSIDE,LONGLINE]O@[,CROSSOVER21]",0.9669701601648139,1
"P@[,CLOSINGMARUBOZU,PIERCING,LONGLINE]",0.9569715190818315,2
"M@[,RSI:BOP]P@[,3INSIDE]",0.9533898305084655,1
"M@[,AROON,CCI:BOP]P@[,3INSIDE,LONGLINE]",0.9439496689234361,2
"M@[,APO:BOP]P@[,BELTHOLD,MORNINGSTAR,LONGLINE]",0.9285545303998135,1
"M@[,AROON:BOP]P@[,MARUBOZU,BELTHOLD,CLOSINGMARUBOZU,MORNINGSTAR,LONGLINE]",0.9283679713049973,1
"M@[,RSI:BOP]P@[,DOJI,DRAGONFLYDOJI,LONGLEGGEDDOJI,SPINNINGTOP,RICKSHAWMAN,SHORTLINE,TAKURI]",0.9096515572001198,1
"P@[,ENGULFING,CLOSINGMARUBOZU,MORNINGSTAR,LONGLINE]",0.8920894239037047,1
"M@[,APO,CCI:BOP]P@[,ENGULFING]",0.8887970235634466,1
"M@[,ADXR40:BOP]P@[,3INSIDE,LONGLINE]",0.8864529205848708,2
"P@[,BELTHOLD,LONGLINE,SEPARATINGLINES]V@[,AD:OBV]",0.8723931447449857,1
"M@[,APO:BOP]P@[,BELTHOLD,3OUTSIDE,LONGLINE]",0.8720402167379924,7
"M@[,RSI:BOP]P@[,3OUTSIDE]",0.8711540838159237,2
"P@[,DOJI,LONGLEGGEDDOJI,SPINNINGTOP,HIGHWAVE,RICKSHAWMAN,SHORTLINE]O@[,CROSSOVER21]",0.8649902688568439,3
"P@[,XSIDEGAP3METHODS]",0.8419969469645816,20
"M@[,RSI:BOP]P@[,ENGULFING,SPINNINGTOP]",0.8396946564885525,1
"P@[,3INSIDE,SHORTLINE]",0.8331375974018483,35
"M@[,ADXR20:BOP]P@[,HARAMI,SHORTLINE]",0.8330052257374396,7
"M@[,CCI:BOP]P@[,HARAMI,HARAMICROSS,DOJI,GRAVESTONEDOJI,LONGLEGGEDDOJI]",0.8272191051647245,1
"M@[,ADXR20:BOP]P@[,DOJI,LONGLEGGEDDOJI,SPINNINGTOP,HIGHWAVE,RICKSHAWMAN]O@[,CROSSOVER50]",0.8271747237100696,1
"M@[,APO:BOP]P@[,ENGULFING,LONGLINE]",0.825177576680272,12
"M@[,CCI,RSI:BOP]P@[,LONGLINE]",0.8239557022879129,5
"M@[,ADXR20,CCI:BOP]P@[,LONGLINE]",0.8237791897448229,3
"P@[,SPINNINGTOP,HIKKAKE,SHORTLINE]",0.8179698917535007,12
"M@[,CCI:BOP]P@[,ENGULFING,SPINNINGTOP]",0.8176812976930646,3
"M@[,RSI:BOP]P@[,DOJI,GRAVESTONEDOJI,LONGLEGGEDDOJI,SHORTLINE]",0.8145217593670002,1
"P@[,DOJI,DOJISTAR,LONGLEGGEDDOJI,SPINNINGTOP]",0.8116883116883116,1
"M@[,RSI:BOP]P@[,ENGULFING]",0.8014320548594761,13
"M@[,ADXR20,APO:BOP]P@[,CDLINVERTEDHAMMER,DOJI,GRAVESTONEDOJI,LONGLEGGEDDOJI]",0.7999999999999924,1
"M@[,AROON:BOP]P@[,UNIQUE3RIVER]",0.7968127490039874,1
"M@[,CCI:BOP]P@[,BELTHOLD,ENGULFING,MORNINGSTAR,MORNINGDOJISTAR,LONGLINE]",0.7958245497530311,2
"M@[,CCI,RSI:BOP]P@[,BELTHOLD,LONGLINE]",0.7924770593519627,10
"M@[,AROON,CCI:BOP]P@[,BELTHOLD,LONGLINE]",0.790836466684618,6
"M@[,RSI:BOP]P@[,HAMMER,DOJI,DRAGONFLYDOJI,LONGLEGGEDDOJI,TAKURI]",0.7893994925289008,1
"P@[,CDLINVERTEDHAMMER,DOJI,GRAVESTONEDOJI,LONGLEGGEDDOJI,HIKKAKE]",0.7886963089907627,4
"M@[,CCI:BOP]P@[,MARUBOZU,BELTHOLD,ENGULFING,CLOSINGMARUBOZU,LONGLINE]",0.7843093549021385,9
"P@[,BELTHOLD,ENGULFING,3INSIDE,LONGLINE]",0.7775316354330937,7
"M@[,CCI:BOP]P@[,SPINNINGTOP,HIGHWAVE]",0.7759600835189723,19
"M@[,CCI:BOP]P@[,BELTHOLD,PIERCING,LONGLINE]",0.7755210450207612,6
"P@[,HAMMER,SHORTLINE]",0.7718479064096319,7
"M@[,AROON:BOP]P@[,DOJI,LONGLEGGEDDOJI,SPINNINGTOP,HIGHWAVE,RICKSHAWMAN]O@[,CROSSOVER21]",0.7666714884999376,1
"M@[,AROON:BOP]P@[,SHORTLINE]O@[,CROSSOVER21]",0.7651476650290916,1
"M@[,AROON:BOP]P@[,3OUTSIDE,LONGLINE]",0.7628832538101209,7
"M@[,AROON:BOP]P@[,DOJI,LONGLEGGEDDOJI,SPINNINGTOP,HIGHWAVE,HIKKAKE,RICKSHAWMAN]",0.7605939876856088,1
"P@[,DOJI,GRAVESTONEDOJI,LONGLEGGEDDOJI,SPINNINGTOP,RICKSHAWMAN]",0.7553132638556797,23
"P@[,DOJI,LONGLEGGEDDOJI,SPINNINGTOP,RICKSHAWMAN,UNIQUE3RIVER]",0.7465153493074403,3
"P@[,ENGULFING,3INSIDE,LONGLINE]",0.7376100019925876,6
"P@[,MARUBOZU,BELTHOLD,ENGULFING,CLOSINGMARUBOZU,HIKKAKE,LONGLINE]",0.7338718853111896,1
"M@[,APO:BOP]P@[,HARAMI,HARAMICROSS,DOJI,LONGLEGGEDDOJI,SPINNINGTOP,RICKSHAWMAN]",0.7307476110174159,1
"P@[,HIKKAKE,LONGLINE]",0.7250482200657132,15
"M@[,APO:BOP]P@[,MARUBOZU,BELTHOLD,CLOSINGMARUBOZU,LONGLINE]",0.7249735910641422,10
"P@[,BELTHOLD,ENGULFING,MORNINGSTAR,MORNINGDOJISTAR,LONGLINE]",0.7242686333047166,3
"P@[,HARAMI,HARAMICROSS,DOJI,LONGLEGGEDDOJI,SPINNINGTOP,HIKKAKE,RICKSHAWMAN]",0.7194244604316548,1
"P@[,DOJI,LONGLEGGEDDOJI,SPINNINGTOP,HIGHWAVE,RICKSHAWMAN,UNIQUE3RIVER]",0.7178166079896835,18
"M@[,RSI]P@[,HAMMER,MATCHINGLOW]",0.716844416681486,2
"P@[,BELTHOLD,3INSIDE]",0.7134284327582184,28
"P@[,RISEFALL3METHODS]",0.7055829096525428,2
"M@[,CCI:BOP]P@[,CLOSINGMARUBOZU,MORNINGSTAR,LONGLINE]",0.7041463917578411,4
"M@[,ADXR20,APO:BOP]P@[,DOJI,LONGLEGGEDDOJI,SPINNINGTOP,RICKSHAWMAN,SHORTLINE]",0.7008164149989197,1
"P@[,ENGULFING,MORNINGSTAR,LONGLINE]",0.6969973416920796,6
"M@[,ADXR20,RSI:BOP]P@[,SHORTLINE]",0.6962950227800341,1
"P@[,ENGULFING,SPINNINGTOP,HIKKAKE]",0.695866094901698,3
"P@[,HARAMI,SPINNINGTOP,HIKKAKE]",0.6941367266549681,4
"M@[,RSI:BOP]P@[,HARAMI,HARAMICROSS,DOJI,LONGLEGGEDDOJI,SPINNINGTOP,HIGHWAVE]",0.6940209495746956,4
"P@[,DOJI,GRAVESTONEDOJI,LONGLEGGEDDOJI,TRISTAR]",0.6874383804005731,1
"M@[,ADXR20:BOP]P@[,LONGLINE]",0.6862325846400615,23
"P@[,HAMMER,DOJI,DOJISTAR,DRAGONFLYDOJI,LONGLEGGEDDOJI,TAKURI]",0.6813588781872096,7
"P@[,HAMMER,DOJI,DRAGONFLYDOJI,LONGLEGGEDDOJI,SPINNINGTOP,TAKURI]",0.6787330316742016,1
"P@[,MARUBOZU,BELTHOLD,CLOSINGMARUBOZU,LONGLINE]O@[,CROSSOVER50]",0.6784487813049592,1
"M@[,CCI:BOP]P@[,CDLINVERTEDHAMMER,DOJI,GRAVESTONEDOJI,LONGLEGGEDDOJI,SPINNINGTOP,RICKSHAWMAN]",0.6762857584991199,2
"P@[,DOJI,LONGLEGGEDDOJI,SHORTLINE]",0.6715945550676672,3
"M@[,ADXR20:BOP]P@[,BELTHOLD,3OUTSIDE]",0.670984818482758,4
"M@[,ADXR20:BOP]P@[,SHORTLINE,UNIQUE3RIVER]",0.6664565227180701,1
"M@[,CCI:BOP]P@[,HARAMI,SPINNINGTOP,HIGHWAVE]",0.6649786520381528,7
"P@[,DOJI,DRAGONFLYDOJI,LONGLEGGEDDOJI,SHORTLINE,TAKURI]",0.6599581137209516,4
"M@[,AROON:BOP]P@[,DOJI,DOJISTAR,LONGLEGGEDDOJI,SPINNINGTOP,HIGHWAVE,RICKSHAWMAN]",0.6508401812992873,3
"P@[,SPINNINGTOP,3INSIDE]",0.6492342275057779,16
"P@[,HARAMI,HARAMICROSS,DOJI,LONGLEGGEDDOJI,SPINNINGTOP,HIKKAKE]",0.6459627329192482,1
"M@[,ADXR20,APO:BOP]P@[,LONGLINE]",0.6454388984509466,1
"M@[,RSI:BOP]P@[,HARAMI,HARAMICROSS,DOJI,DRAGONFLYDOJI,LONGLEGGEDDOJI,SHORTLINE,TAKURI]",0.6410256410256326,1
"M@[,APO:BOP]P@[,SHORTLINE,UNIQUE3RIVER]",0.640000000000004,1
"M@[,ADXR20:BOP]P@[,BELTHOLD,LONGLINE]O@[,CROSSOVER21]",0.6304487591190935,2
"M@[,AROON,CCI:BOP]P@[,CLOSINGMARUBOZU,MORNINGSTAR,MORNINGDOJISTAR]",0.6300194733291756,1
"P@[,DOJI,LONGLEGGEDDOJI,SPINNINGTOP,HIGHWAVE,HIKKAKE]O@[,CROSSOVER21]",0.6254343293954174,1
"P@[,DOJI,LONGLEGGEDDOJI,SPINNINGTOP,HIGHWAVE,HIKKAKE,RICKSHAWMAN]V@[,AD]",0.6177179052547008,1
"P@[,HARAMI,HARAMICROSS,DOJI,GRAVESTONEDOJI,LONGLEGGEDDOJI,SPINNINGTOP,RICKSHAWMAN]",0.6066156075227583,12
"M@[,AROON:BOP]P@[,DOJI,LONGLEGGEDDOJI,SPINNINGTOP,HIGHWAVE,RICKSHAWMAN,SHORTLINE]",0.6039916493174019,6
"P@[,ENGULFING,LONGLINE]O@[,CROSSOVER21]",0.5948095203235124,6
"P@[,HARAMI,HARAMICROSS,DOJI,DRAGONFLYDOJI,LONGLEGGEDDOJI,SPINNINGTOP,RICKSHAWMAN,TAKURI]",0.5893681666210635,4
"P@[,MORNINGSTAR,MORNINGDOJISTAR,LONGLINE]",0.5886022929792306,17
"M@[,CCI:BOP]P@[,BELTHOLD,3OUTSIDE,LONGLINE]",0.5881680966127678,9
"M@[,AROON:BOP]P@[,DOJI,DRAGONFLYDOJI,LONGLEGGEDDOJI,TAKURI]",0.5877708570927115,1
"M@[,RSI:BOP]P@[,SPINNINGTOP,SHORTLINE]",0.5876609010097937,5
"P@[,BELTHOLD,LONGLINE]V@[,AD]",0.5845782685348385,1
"M@[,ADXR20,CCI:BOP]P@[,ENGULFING]",0.5840083968027632,1
"M@[,ADXR20,APO:BOP]P@[,BELTHOLD,LONGLINE]O@[,CROSSOVER21]",0.580490951170474,1
"M@[,CCI,RSI:BOP]P@[,BELTHOLD,MORNINGSTAR]",0.5747126436781691,1
"M@[,RSI:BOP]P@[,BELTHOLD,ENGULFING,LONGLINE]",0.5677379802415998,5
"M@[,AROON,CCI:BOP]P@[,BELTHOLD,LONGLINE,SEPARATINGLINES]",0.5631362356508556,1
"P@[,HAMMER,DOJI,DRAGONFLYDOJI,LONGLEGGEDDOJI,SPINNINGTOP,HIKKAKE,TAKURI]",0.5625300130342351,1
"P@[,MARUBOZU,BELTHOLD,ENGULFING,CLOSINGMARUBOZU,LONGLINE]O@[,CROSSOVER50]",0.5616551438482683,2
"P@[,DOJI,DRAGONFLYDOJI,LONGLEGGEDDOJI,HIKKAKE,MATCHINGLOW,TAKURI]",0.5609552901971624,1
"P@[,BELTHOLD,MORNINGSTAR,SEPARATINGLINES]",0.5565820422799345,3
"P@[,ENGULFING,DOJI,DRAGONFLYDOJI,LONGLEGGEDDOJI,SHORTLINE]",0.5537826168575054,1
"M@[,CCI,RSI:BOP]P@[,MARUBOZU,BELTHOLD,CLOSINGMARUBOZU,LONGLINE]",0.5498983832874343,3
"P@[,SPINNINGTOP]O@[,CROSSOVER21]",0.5496868767945006,21
"M@[,CCI,RSI:BOP]P@[,HARAMI,HARAMICROSS,DOJI,LONGLEGGEDDOJI,SPINNINGTOP,HIGHWAVE,RICKSHAWMAN]",0.5422518378463173,2
"M@[,CCI:BOP]P@[,BELTHOLD,ENGULFING,LONGLINE]",0.5405229556531503,52
"M@[,CCI:BOP]P@[,BELTHOLD,ENGULFING]V@[,AD:OBV]",0.5379142807565543,1
"P@[,DOJI,GRAVESTONEDOJI,LONGLEGGEDDOJI,SPINNINGTOP]",0.5354770826464431,5
"M@[,RSI:BOP]P@[,HARAMI,SPINNINGTOP]",0.5336230482001447,16
"P@[,DOJI,DRAGONFLYDOJI,LONGLEGGEDDOJI,SPINNINGTOP,HIGHWAVE,TAKURI]",0.532547142361798,5
"M@[,ADXR40:BOP]P@[,LONGLINE]",0.5321203000801755,4
"P@[,SPINNINGTOP,3OUTSIDE,HIGHWAVE]",0.531249828854029,8
"M@[,AROON:BOP]P@[,CLOSINGMARUBOZU,LONGLINE]",0.5299657306710258,11
"M@[,AROON:BOP]P@[,SPINNINGTOP,3INSIDE]",0.5285165402063682,3
"P@[,BELTHOLD]O@[,CROSSOVER21]",0.5284585545228565,24
"M@[,CCI:BOP]P@[,HARAMI,SPINNINGTOP]",0.5263749672281881,17
"M@[,CCI,RSI:BOP]P@[,ENGULFING]",0.5249653316103874,3
"M@[,AROON:BOP]P@[,ENGULFING,LONGLINE]",0.5244317092281171,9
"M@[,AROON:BOP]P@[,LONGLINE,MATHOLD]",0.5242922055225445,1
"M@[,ADXR40:BOP]P@[,SHORTLINE]",0.5177884443052042,9
"P@[,HARAMI,HARAMICROSS,DOJI,DRAGONFLYDOJI,LONGLEGGEDDOJI,SHORTLINE,TAKURI]",0.516795865633075,1
"M@[,RSI:BOP]P@[,UNIQUE3RIVER]",0.506683054930851,2
"M@[,APO:BOP]P@[,DOJI,LONGLEGGEDDOJI,SPINNINGTOP,HIGHWAVE,RICKSHAWMAN,SHORTLINE]",0.4955665828378633,6
"P@[,CLOSINGMARUBOZU,3INSIDE,LONGLINE]",0.4944460700119836,13
"M@[,AROON:BOP]P@[,DOJI,GRAVESTONEDOJI,LONGLEGGEDDOJI,SPINNINGTOP,RICKSHAWMAN,SHORTLINE]",0.49421939811138793,1
"P@[,HARAMI,HOMINGPIGEON,MATCHINGLOW]",0.48943116258172115,43
"P@[,DOJI,LONGLEGGEDDOJI,SPINNINGTOP,3INSIDE,HIGHWAVE,RICKSHAWMAN]",0.48209138387674594,6
"P@[,DOJI,DOJISTAR,LONGLEGGEDDOJI,SPINNINGTOP,HIGHWAVE,RICKSHAWMAN]O@[,CROSSOVER21]",0.4774823657080822,1
"M@[,ADXR20:BOP]P@[,BELTHOLD,ENGULFING,LONGLINE]",0.47717732079280695,2
"P@[,3INSIDE]",0.477004488056546,133
"M@[,CCI:BOP]P@[,CLOSINGMARUBOZU,MORNINGSTAR]",0.4735829510137534,1
"P@[,CLOSINGMARUBOZU,LONGLINE]V@[,AD:OBV]",0.4700756707177149,1
"P@[,BELTHOLD,MORNINGSTAR,MORNINGDOJISTAR,LONGLINE]",0.4662078901488133,17
"P@[,DOJI,DOJISTAR,LONGLEGGEDDOJI,SPINNINGTOP,HIGHWAVE]",0.46435005421174935,28
"M@[,RSI:BOP]P@[,DOJI,LONGLEGGEDDOJI,SPINNINGTOP,HIGHWAVE,RICKSHAWMAN,SHORTLINE]",0.4614779744246719,7
"P@[,HARAMI,HARAMICROSS,DOJI,LONGLEGGEDDOJI,SPINNINGTOP,HIGHWAVE,HIKKAKE]",0.4597701149425352,1
"M@[,CCI:BOP]P@[,SPINNINGTOP]",0.45825224231046907,102
"M@[,AROON:BOP]P@[,HARAMI,HARAMICROSS,DOJI,LONGLEGGEDDOJI,SPINNINGTOP,HIGHWAVE,RICKSHAWMAN]",0.4565978392375593,6
"M@[,APO,AROON:BOP]P@[,BELTHOLD]",0.45539780337529834,1
"P@[,BELTHOLD,COUNTERATTACK,LONGLINE]",0.4549212647584647,4
"M@[,RSI:BOP]P@[,LONGLINE]",0.45132206530124397,22
"P@[,BELTHOLD,3OUTSIDE,LONGLINE]V@[,AD:OBV]",0.4448986953646512,1
"M@[,ADXR20,CCI:BOP]P@[,BELTHOLD,LONGLINE]",0.44487814054105534,2
"P@[,ENGULFING,MORNINGSTAR,MORNINGDOJISTAR,LONGLINE]",0.4383590228975633,3
"M@[,CCI:BOP]P@[,BELTHOLD,MORNINGSTAR,MORNINGDOJISTAR,LONGLINE,SEPARATINGLINES]",0.43783328655627024,1
"M@[,CCI:BOP]P@[,LONGLINE]",0.4358625057802526,260
"P@[,BELTHOLD,MORNINGSTAR,LONGLINE]",0.4339017055447543,22
"M@[,APO,AROON:BOP]P@[,BELTHOLD,ENGULFING,LONGLINE]",0.43206066484437805,1
"M@[,AROON:BOP]P@[,DOJI,LONGLEGGEDDOJI,SPINNINGTOP,HIGHWAVE]",0.43144643383302084,3
"M@[,AROON:BOP]P@[,MARUBOZU,BELTHOLD,CLOSINGMARUBOZU,HIKKAKE,LONGLINE]",0.4269662921348264,1
"P@[,ENGULFING,HIKKAKE,LONGLINE]",0.42626207044432174,4
"P@[,HAMMER,DOJI,DRAGONFLYDOJI,LONGLEGGEDDOJI,SPINNINGTOP,HIGHWAVE,HIKKAKE,RICKSHAWMAN,TAKURI]",0.4186516529522126,1
"M@[,ADXR40:BOP]P@[,BELTHOLD,LONGLINE]",0.4109556597212901,5
"P@[,SPINNINGTOP,HIGHWAVE]O@[,CROSSOVER50]",0.40929921374710043,2
"P@[,SPINNINGTOP,HIGHWAVE,SHORTLINE]",0.4086104368476985,18
"M@[,AROON,CCI:BOP]P@[,HARAMI,SPINNINGTOP,SHORTLINE]",0.4079624428545182,1
"P@[,3INSIDE]O@[,CROSSOVER21]",0.40725789900786913,5
"M@[,CCI:BOP]P@[,BELTHOLD,ENGULFING]",0.4069697814048452,25
"P@[,CDLINVERTEDHAMMER,DOJI,GRAVESTONEDOJI,LONGLEGGEDDOJI,SPINNINGTOP,RICKSHAWMAN]",0.4048044476457394,4
"P@[,DOJI,GRAVESTONEDOJI,LONGLEGGEDDOJI,SPINNINGTOP,3OUTSIDE,HIGHWAVE,RICKSHAWMAN,SHORTLINE]",0.40013703323055594,1
"P@[,ENGULFING,SPINNINGTOP]",0.3969772977604419,43
"M@[,RSI]P@[,HIKKAKE]",0.3842473735243866,3
"P@[,HAMMER,HIKKAKE]",0.38079905348934723,79
"M@[,CCI:BOP]P@[,HARAMI,HARAMICROSS,DOJI,LONGLEGGEDDOJI,SPINNINGTOP,HIGHWAVE]",0.37452439101349044,2
"P@[,MARUBOZU,BELTHOLD,CLOSINGMARUBOZU,3OUTSIDE,LONGLINE]",0.373041796072424,15
"P@[,ENGULFING]O@[,CROSSOVER21]",0.36760656911630746,6
"M@[,AROON:BOP]P@[,BELTHOLD]O@[,CROSSOVER21]",0.36625775341456435,2
"M@[,ADXR20:BOP]P@[,DOJI,LONGLEGGEDDOJI,SPINNINGTOP,HIGHWAVE,RICKSHAWMAN]O@[,CROSSOVER21]",0.3650375177448701,1
"M@[,CCI:BOP]P@[,MARUBOZU,BELTHOLD,CLOSINGMARUBOZU,LONGLINE]V@[,AD:OBV]",0.3643590592911636,1
"M@[,AROON:BOP]P@[,DOJI,LONGLEGGEDDOJI,SPINNINGTOP,RICKSHAWMAN]",0.36385077292791634,4
"M@[,AROON:BOP]P@[,LONGLINE]",0.35674981924109417,137
"P@[,LONGLINE]O@[,CROSSOVER50]",0.3544152282246979,15
"P@[,SPINNINGTOP,UNIQUE3RIVER]",0.35294881238009185,10
"M@[,RSI,CCI:BOP]P@[,BELTHOLD,LONGLINE]",0.3528438332588659,2
"M@[,RSI:BOP]P@[,HARAMI,SPINNINGTOP,SHORTLINE]",0.35185185185184764,1
"P@[,DOJI,GRAVESTONEDOJI,LONGLEGGEDDOJI]O@[,CROSSOVER21]",0.35169988276670244,1
"P@[,SPINNINGTOP,TRISTAR]",0.35092694339087915,1
"P@[,HARAMI,HARAMICROSS,DOJI,DRAGONFLYDOJI,LONGLEGGEDDOJI,TAKURI]",0.3508452870793507,2
"M@[,AROON:BOP]P@[,MARUBOZU,BELTHOLD,ENGULFING,CLOSINGMARUBOZU,LONGLINE]",0.3480104112723357,2
"M@[,APO:BOP]P@[,SPINNINGTOP]O@[,CROSSOVER21]",0.34756703078449336,1
"P@[,CLOSINGMARUBOZU,LONGLINE]O@[,CROSSOVER21]",0.34655184872544575,4
"M@[,CCI:BOP]P@[,SPINNINGTOP,3OUTSIDE]",0.34490639306255916,4
"P@[,HAMMER,MATCHINGLOW]",0.34375099508474727,35
"P@[,SHORTLINE]V@[,AD:OBV]",0.33995738556124344,11
"P@[,BELTHOLD,3OUTSIDE,LONGLINE]O@[,CROSSOVER21]",0.3370693149337447,4
"M@[,RSI,CCI:BOP]P@[,SHORTLINE]",0.3364344606407087,4
"P@[,DOJI,DRAGONFLYDOJI,LONGLEGGEDDOJI,SPINNINGTOP,HIGHWAVE,HIKKAKE,HIKKAKEMOD,TAKURI]",0.33440031472970466,1
"P@[,ENGULFING,MORNINGSTAR]",0.32742110921448053,10
"P@[,DOJI,DOJISTAR,LONGLEGGEDDOJI,SPINNINGTOP,HIKKAKE,RICKSHAWMAN,SHORTLINE]",0.3271728271728249,1
"P@[,HARAMI,HOMINGPIGEON]",0.32466716572575666,187
"P@[,SPINNINGTOP,SHORTLINE,UNIQUE3RIVER]",0.32226821289454316,6
"M@[,CCI:BOP]P@[,DOJI,LONGLEGGEDDOJI,SPINNINGTOP,RICKSHAWMAN,SHORTLINE]",0.31882078872834885,5
"M@[,RSI:BOP]P@[,HARAMI]",0.3172785794099223,30
"P@[,BELTHOLD,MORNINGSTAR]",0.31727533284172255,10
"P@[,HAMMER,DOJI,DRAGONFLYDOJI,LONGLEGGEDDOJI,SPINNINGTOP,HIGHWAVE,HIKKAKE,TAKURI]",0.3139306736429009,1
"M@[,CCI,RSI:BOP]P@[,SHORTLINE]",0.3104065947807438,10
"P@[,HARAMI,HARAMICROSS,DOJI,LONGLEGGEDDOJI,SPINNINGTOP,HIGHWAVE,RICKSHAWMAN]O@[,CROSSOVER21]",0.30553004716655985,2
"M@[,APO:BOP]P@[,DOJI,LONGLEGGEDDOJI,SPINNINGTOP,HIGHWAVE,RICKSHAWMAN]O@[,CROSSOVER21]",0.3012645181749857,1
"P@[,HIKKAKE,SHORTLINE]",0.30031077268858514,59
"P@[,BELTHOLD,SEPARATINGLINES]",0.2996817576426109,52
"M@[,CCI:BOP]P@[,BELTHOLD,ENGULFING,MORNINGSTAR]",0.29884916312692794,3
"P@[,BELTHOLD,PIERCING,LONGLINE]",0.2976036104745948,58
"M@[,AROON:BOP]P@[,SPINNINGTOP,SHORTLINE]",0.294777276350412,7
"M@[,ADXR20:BOP]P@[,HARAMI]",0.2940887027585121,17
"M@[,ADXR20:BOP]P@[,ENGULFING]",0.29088109284567776,8
"M@[,CCI,RSI:BOP]P@[,ENGULFING,SHORTLINE]",0.2875017927866573,2
"M@[,APO:BOP]P@[,HARAMI,HARAMICROSS,DOJI,LONGLEGGEDDOJI,SPINNINGTOP,HIGHWAVE,RICKSHAWMAN]",0.2864228199524703,7
"M@[,AROON:BOP]P@[,CLOSINGMARUBOZU]",0.27828266579081373,11
"M@[,CCI:BOP]P@[,BELTHOLD,ENGULFING]O@[,CROSSOVER21]",0.27777777777778173,1
"M@[,ADXR20:BOP]P@[,DOJI,LONGLEGGEDDOJI,SPINNINGTOP,HIGHWAVE,RICKSHAWMAN]",0.27708485041321895,15
"P@[,HARAMI,HARAMICROSS,DOJI,LONGLEGGEDDOJI,SPINNINGTOP,HIGHWAVE,RICKSHAWMAN,SHORTLINE]",0.2727817178681648,77
"M@[,ADXR40:BOP]P@[,SPINNINGTOP,SHORTLINE]",0.2725446432608376,3
"M@[,CCI:BOP]P@[,HARAMI,SHORTLINE]",0.27238262449416867,73
"P@[,HARAMI,SPINNINGTOP,HIGHWAVE]",0.26904221629183744,108
"P@[,MORNINGSTAR,LONGLINE]",0.2639398798551727,12
"M@[,AROON:BOP]P@[,HAMMER]",0.2637233834733391,1
"P@[,CDLINVERTEDHAMMER,DOJI,GRAVESTONEDOJI,LONGLEGGEDDOJI,SHORTLINE]",0.25507880112963055,1
"M@[,ADXR20:BOP]P@[,BELTHOLD,LONGLINE,SEPARATINGLINES]",0.25430967541544425,1
"P@[,DOJI,GRAVESTONEDOJI,LONGLEGGEDDOJI,SPINNINGTOP,HIGHWAVE,RICKSHAWMAN,SHORTLINE]",0.2533944233514228,14
"M@[,CCI:BOP]P@[,SHORTLINE]",0.2530339388052894,312
"P@[,DOJI,LONGLEGGEDDOJI,SPINNINGTOP,HIGHWAVE,HIKKAKE]",0.25188534350291153,18
"P@[,BELTHOLD,LONGLINE]O@[,CROSSOVER50]",0.25021576019716585,14
"P@[,3OUTSIDE]O@[,CROSSOVER50]",0.25013444524190714,2
"P@[,SPINNINGTOP,HIGHWAVE]",0.24957712688049127,435
"P@[,CDLINVERTEDHAMMER,DOJI,GRAVESTONEDOJI,LONGLEGGEDDOJI,SPINNINGTOP,HIGHWAVE,RICKSHAWMAN]",0.24585093706980118,7
"M@[,CCI:BOP]P@[,HARAMI]",0.2386884972772846,84
"M@[,AROON:BOP]P@[,LONGLINE]O@[,CROSSOVER21]",0.23749126674409604,2
"M@[,APO:BOP]P@[,BELTHOLD,3INSIDE]",0.23557126030625156,1
"M@[,CCI:BOP]P@[,DOJI,LONGLEGGEDDOJI,SPINNINGTOP,HIGHWAVE]",0.23356804818687507,7
"P@[,HAMMER,DOJI,DRAGONFLYDOJI,LONGLEGGEDDOJI,HIKKAKE,TAKURI]",0.23120890022681748,3
"M@[,ADXR20:BOP]P@[,BELTHOLD,ENGULFING]",0.2306736404946271,4
"M@[,AROON,CCI:BOP]P@[,SHORTLINE]",0.22517966369778572,3
"P@[,HARAMI,HARAMICROSS,DOJI,DRAGONFLYDOJI,LONGLEGGEDDOJI,SPINNINGTOP,RICKSHAWMAN,SHORTLINE,TAKURI]",0.2241695536988023,1
"P@[,DOJI,DRAGONFLYDOJI,LONGLEGGEDDOJI,SPINNINGTOP,TAKURI]",0.22384468548024097,4
"M@[,ADXR20:BOP]P@[,LONGLINE]O@[,CROSSOVER21]",0.22265357387531917,1
"M@[,APO:BOP]P@[,DOJI,LONGLEGGEDDOJI,SPINNINGTOP,HIGHWAVE,HIKKAKE,RICKSHAWMAN]",0.22138173477111506,2
"M@[,CCI:BOP]P@[,BELTHOLD,LONGLINE]",0.21931924794724916,281
"P@[,BELTHOLD,ENGULFING,LONGLINE]",0.21806061056181805,447
"M@[,RSI:BOP]P@[,DOJI,LONGLEGGEDDOJI,SPINNINGTOP,RICKSHAWMAN,SHORTLINE]",0.21641339926606915,3
"P@[,MARUBOZU,BELTHOLD,CLOSINGMARUBOZU,LONGLINE]",0.21266451302119047,342
"P@[,BELTHOLD,3INSIDE,LONGLINE]",0.209904391303836,66
"P@[,MARUBOZU,BELTHOLD,ENGULFING,CLOSINGMARUBOZU,LONGLINE]V@[,AD:OBV]",0.2073433240183283,3
"M@[,AROON:BOP]P@[,DOJI,LONGLEGGEDDOJI,SPINNINGTOP,HIGHWAVE,RICKSHAWMAN]",0.20598782118092335,41
"P@[,SPINNINGTOP,HIGHWAVE,HIKKAKE]",0.20370826050976906,25
"P@[,SPINNINGTOP,3OUTSIDE]O@[,CROSSOVER50]",0.2035786992392683,1
"M@[,APO:BOP]P@[,LONGLINE]O@[,CROSSOVER21]",0.20255899869767524,2
"P@[,DOJI,LONGLEGGEDDOJI,SPINNINGTOP,HIGHWAVE]",0.20254952121271366,163
"M@[,APO:BOP]P@[,BELTHOLD,LONGLINE]",0.20139197410405335,55
"M@[,ADXR40:BOP]P@[,HARAMI,SPINNINGTOP]",0.20125585182903116,2
"P@[,HAMMER,HIKKAKE,HIKKAKEMOD]",0.19987837139141415,2
"M@[,AROON:BOP]P@[,SPINNINGTOP,3OUTSIDE]",0.19947319830198884,3
"P@[,ENGULFING]",0.19770970930903273,736
"M@[,CCI:BOP]P@[,3INSIDE]",0.1974405416104794,28
"M@[,RSI:BOP]P@[,DOJI,GRAVESTONEDOJI,LONGLEGGEDDOJI,SPINNINGTOP,HIGHWAVE,RICKSHAWMAN,SHORTLINE]",0.19522171609183872,1
"P@[,LONGLINE]O@[,CROSSOVER21]",0.19277057584285806,39
"M@[,AROON,CCI:BOP]P@[,DOJI,LONGLEGGEDDOJI,SPINNINGTOP,HIGHWAVE,RICKSHAWMAN]",0.19236334306156688,2
"M@[,AROON:BOP]P@[,SHORTLINE]",0.19148342088135337,85
"M@[,ADXR40,RSI:BOP]P@[,SHORTLINE]",0.18816717027646204,3
"P@[,DOJI,LONGLEGGEDDOJI,SPINNINGTOP,3INSIDE,HIGHWAVE,RICKSHAWMAN,SHORTLINE]",0.1865393224891807,1
"M@[,ADXR40:BOP]P@[,DOJI,LONGLEGGEDDOJI,SPINNINGTOP,HIGHWAVE,RICKSHAWMAN,SHORTLINE]",0.18182812070947998,2
"P@[,SHORTLINE,UNIQUE3RIVER]",0.18122663056352012,15
"M@[,AROON,CCI:BOP]P@[,MARUBOZU,BELTHOLD,CLOSINGMARUBOZU,LONGLINE]",0.18050541516245194,1
"P@[,ENGULFING,SHORTLINE]",0.18016419594803734,171
"M@[,CCI:BOP]P@[,HARAMI,SPINNINGTOP,SHORTLINE]",0.17990699253080045,9
"M@[,AROON:BOP]P@[,ENGULFING,LONGLINE]O@[,CROSSOVER21]",0.17857142857142502,1
"P@[,DOJI,LONGLEGGEDDOJI,SPINNINGTOP,RICKSHAWMAN,SHORTLINE]",0.17448195891100662,111
"P@[,DOJI,LONGLEGGEDDOJI,SPINNINGTOP,HIGHWAVE,RICKSHAWMAN]",0.17033494081332667,1583
"P@[,BELTHOLD,3OUTSIDE]V@[,AD:OBV]",0.16912251312805004,2
"P@[,HARAMI,HARAMICROSS,DOJI,GRAVESTONEDOJI,LONGLEGGEDDOJI,SPINNINGTOP,HIGHWAVE,RICKSHAWMAN]",0.16857625213896765,8
"P@[,BELTHOLD,LONGLINE]",0.16642411743950505,2070
"P@[,HARAMI,HARAMICROSS,DOJI,DRAGONFLYDOJI,LONGLEGGEDDOJI,SPINNINGTOP,HIGHWAVE,RICKSHAWMAN,SHORTLINE,TAKURI]",0.16349630237377538,4
"P@[,HARAMI,HARAMICROSS,DOJI,GRAVESTONEDOJI,LONGLEGGEDDOJI,SPINNINGTOP]",0.16142156777635294,3
"M@[,APO:BOP]P@[,MORNINGSTAR,MORNINGDOJISTAR,LONGLINE]",0.16026789004223696,2
"P@[,BELTHOLD,HIKKAKE,LONGLINE]",0.1595713868611534,13
"M@[,ADXR20:BOP]P@[,HARAMI,SHORTLINE]O@[,CROSSOVER21]",0.15751232152838454,1
"P@[,MARUBOZU,BELTHOLD,CLOSINGMARUBOZU,LONGLINE,SEPARATINGLINES]",0.15749829617739874,19
"P@[,CDLINVERTEDHAMMER,DOJI,DOJISTAR,GRAVESTONEDOJI,LONGLEGGEDDOJI,SPINNINGTOP,HIKKAKE,RICKSHAWMAN]",0.1569732340511206,1
"P@[,SPINNINGTOP,HIGHWAVE,UNIQUE3RIVER]",0.15477420119718688,2
"P@[,HARAMI,SHORTLINE]",0.15412603246982015,545
"M@[,APO:BOP]P@[,LONGLINE]",0.15182297124479854,74
"P@[,BELTHOLD]",0.1474015862279633,1248
"P@[,HAMMER,DOJI,DOJISTAR,DRAGONFLYDOJI,LONGLEGGEDDOJI,SPINNINGTOP,RICKSHAWMAN,TAKURI]",0.14364174059991935,1
"M@[,CCI:BOP]P@[,3INSIDE,SHORTLINE]",0.14332516564876174,14
"P@[,CLOSINGMARUBOZU,LONGLINE]",0.14263110219086064,282
"P@[,HARAMI,SPINNINGTOP]",0.13920140747918097,345
"P@[,HARAMI]",0.13889245185790217,947
"P@[,HARAMI,HARAMICROSS,DOJI,LONGLEGGEDDOJI,SPINNINGTOP,HIGHWAVE]",0.1379636771938344,76
"P@[,BELTHOLD,LONGLINE]O@[,CROSSOVER21]",0.1377442270173561,33
"M@[,AROON:BOP]P@[,3OUTSIDE,SHORTLINE]",0.13683097990433885,6
"M@[,CCI,RSI:BOP]P@[,ENGULFING,MORNINGSTAR,MORNINGDOJISTAR,LONGLINE]",0.1299263750541286,1
"M@[,APO:BOP]P@[,ENGULFING,SHORTLINE]",0.12924167439382392,6
"M@[,RSI:BOP]P@[,ENGULFING,SHORTLINE]",0.12582281216411545,4
"M@[,CCI:BOP]P@[,BELTHOLD,3INSIDE,SEPARATINGLINES]",0.12252079629306506,1
"P@[,3OUTSIDE,HIKKAKE]",0.12138728323698895,1
"P@[,HARAMI,HIKKAKE]",0.12066442262589687,5
"M@[,APO,AROON:BOP]P@[,SPINNINGTOP]",0.12034418436729045,1
"P@[,DOJI,LONGLEGGEDDOJI,SPINNINGTOP]",0.11946194007239289,18
"P@[,SHORTLINE]",0.11932568522219167,3036
"P@[,HARAMI,SHORTLINE]V@[,AD:OBV]",0.11918265734731687,2
"M@[,CCI:BOP]P@[,HARAMI,HARAMICROSS,DOJI,LONGLEGGEDDOJI,SPINNINGTOP]",0.11830319418623149,1
"P@[,SPINNINGTOP,SHORTLINE]",0.11685787378974116,349
"M@[,CCI:BOP]P@[,MARUBOZU,BELTHOLD,CLOSINGMARUBOZU,LONGLINE]",0.11452030329238551,46
"P@[,HARAMI,HIKKAKE,SHORTLINE]",0.11379795052042459,5
"P@[,MARUBOZU,BELTHOLD,ENGULFING,CLOSINGMARUBOZU,LONGLINE]",0.10749853595374638,75
"M@[,CCI:BOP]P@[,ENGULFING,MORNINGSTAR,MORNINGDOJISTAR,LONGLINE]",0.10511742385396136,1
"P@[,CLOSINGMARUBOZU,MORNINGSTAR,MORNINGDOJISTAR,LONGLINE]",0.09390810269433647,3
"M@[,AROON,CCI:BOP]P@[,HARAMI,HARAMICROSS,DOJI,LONGLEGGEDDOJI,SPINNINGTOP,HIGHWAVE]",0.09188361408881851,1
"P@[,HARAMI,HARAMICROSS,DOJI,GRAVESTONEDOJI,LONGLEGGEDDOJI,HOMINGPIGEON]",0.09033834489652932,3
"M@[,APO:BOP]P@[,MARUBOZU,BELTHOLD,ENGULFING,CLOSINGMARUBOZU,LONGLINE]",0.08479538125878983,2
"P@[,ENGULFING,MORNINGSTAR,MORNINGDOJISTAR]",0.08383686117927654,3
"P@[,HARAMI,HARAMICROSS,DOJI,LONGLEGGEDDOJI,SPINNINGTOP,HIGHWAVE,RICKSHAWMAN]",0.08310740410209996,464
"P@[,DOJI,DRAGONFLYDOJI,LONGLEGGEDDOJI,TAKURI]",0.08306796704790688,64
"P@[,LONGLINE]",0.08234417175832713,2116
"P@[,HARAMI,HARAMICROSS,DOJI,GRAVESTONEDOJI,LONGLEGGEDDOJI,SPINNINGTOP,RICKSHAWMAN,SHORTLINE]",0.08212892066471589,4
"P@[,SHORTLINE]O@[,CROSSOVER21]",0.08208924463376226,31
"M@[,APO:BOP]P@[,BELTHOLD,PIERCING,LONGLINE]",0.08136696501220814,1
"P@[,3OUTSIDE]",0.07076114048972798,297
"P@[,DOJI,LONGLEGGEDDOJI,SPINNINGTOP,RICKSHAWMAN]",0.07074670961279228,174
"P@[,DOJI,LONGLEGGEDDOJI,SPINNINGTOP,HIGHWAVE,HIKKAKE,RICKSHAWMAN]",0.0703838120532674,101
"P@[,DOJI,LONGLEGGEDDOJI,SPINNINGTOP,TRISTAR,HIGHWAVE,RICKSHAWMAN,SHORTLINE]",0.0692406831012111,6
"P@[,BELTHOLD]V@[,AD:OBV]",0.06698571801249753,5
"P@[,HARAMI,HARAMICROSS,DOJI,LONGLEGGEDDOJI,SPINNINGTOP,RICKSHAWMAN]",0.06632684589368919,48
"M@[,CCI:BOP]P@[,BELTHOLD,3OUTSIDE]",0.06575001840859396,5
"P@[,LONGLINE]V@[,AD:OBV]",0.06438247292220653,8
"P@[,BELTHOLD,SEPARATINGLINES]O@[,CROSSOVER21]",0.06328481497517358,1
"P@[,MATCHINGLOW]",0.05961920334069406,116
"M@[,CCI:BOP]P@[,BELTHOLD,LONGLINE,SEPARATINGLINES]",0.057806445301018514,20
"M@[,ADXR20,CCI:BOP]P@[,SPINNINGTOP]",0.05753671397237614,2
"M@[,APO:BOP]P@[,BELTHOLD,LONGLINE]O@[,CROSSOVER50]",0.0573921028466483,1
"M@[,APO:BOP]P@[,HARAMI,SHORTLINE]",0.05257624423749877,15
"P@[,HAMMER,HARAMI,HARAMICROSS,DOJI,DRAGONFLYDOJI,LONGLEGGEDDOJI,SPINNINGTOP,RICKSHAWMAN,TAKURI]",0.04908577739599672,1
"P@[,BELTHOLD,HIKKAKE]",0.04873056401154326,6
"P@[,HARAMI,HARAMICROSS,DOJI,SHORTLINE]",0.04597701149425026,1
"M@[,ADXR40:BOP]P@[,BELTHOLD,3INSIDE]",0.03646677471637321,1
"M@[,CCI:BOP]P@[,BELTHOLD]",0.034446362891499556,135
"M@[,CCI,RSI:BOP]P@[,HARAMI,SHORTLINE]",0.03400489619384839,5
"M@[,AROON:BOP]P@[,ENGULFING]",0.0300705221574433,19
"P@[,CDLINVERTEDHAMMER,SHORTLINE]",0.027444426029381623,9
"M@[,AROON:BOP]P@[,BELTHOLD,LONGLINE]",0.026671296674071837,154
"M@[,APO:BOP]P@[,SHORTLINE]",0.0261896039706882,56
"P@[,HIKKAKE,MATCHINGLOW]",0.0218458201151647,8
"P@[,ENGULFING,LONGLINE]",0.01935628608679545,317
"P@[,HAMMER,DOJI,DRAGONFLYDOJI,LONGLEGGEDDOJI,SPINNINGTOP,HIGHWAVE,TAKURI]",0.017396891749158556,3
"M@[,CCI:BOP]P@[,CLOSINGMARUBOZU]",0.014614024389842245,12
"P@[,MARUBOZU,BELTHOLD,CLOSINGMARUBOZU,LONGLINE]O@[,CROSSOVER21]",0.00952237081518528,9
"P@[,DOJI,LONGLEGGEDDOJI,SPINNINGTOP,HIGHWAVE,RICKSHAWMAN,SHORTLINE]",0.006296660105244757,376
"M@[,AROON:BOP]P@[,BELTHOLD,MORNINGSTAR,MORNINGDOJISTAR,LONGLINE]",0.004788235098180327,2
"M@[,CCI:BOP]P@[,SPINNINGTOP,UNIQUE3RIVER]",0.0033521051220288217,1
"P@[,BELTHOLD,MORNINGSTAR,MORNINGDOJISTAR]",0.0030113762936627014,8
"P@[,ENGULFING,3INSIDE]",0.0013878132883291077,6
"M@[,ADXR20:BOP]P@[,BELTHOLD,LONGLINE]",8.747456007773229E-4,28
"P@[,DOJI,GRAVESTONEDOJI,LONGLEGGEDDOJI,SPINNINGTOP,RICKSHAWMAN,SHORTLINE]",-0.0013105505856255775,21
"M@[,CCI:BOP]P@[,MARUBOZU,BELTHOLD,CLOSINGMARUBOZU,MORNINGSTAR,MORNINGDOJISTAR,LONGLINE]",-0.0014915429514663625,2
"P@[,HARAMI]O@[,CROSSOVER21]",-0.004435957030420971,6
"P@[,HAMMER]",-0.005045150636519699,474
"P@[,CLOSINGMARUBOZU,PIERCING]",-0.00618423493340825,6
"M@[,APO:BOP]P@[,DOJI,LONGLEGGEDDOJI,SPINNINGTOP,HIGHWAVE]",-0.01124096644661865,4
"M@[,APO:BOP]P@[,BELTHOLD,ENGULFING]",-0.011894521016667733,3
"M@[,CCI:BOP]P@[,CLOSINGMARUBOZU,3OUTSIDE,LONGLINE]",-0.0119204795405074,2
"P@[,BELTHOLD,PIERCING,HIKKAKE,LONGLINE]",-0.019487362131942798,2
"M@[,AROON:BOP]P@[,BELTHOLD,ENGULFING,LONGLINE]",-0.02199107100257664,21
"M@[,CCI:BOP]P@[,BELTHOLD,MORNINGSTAR,MORNINGDOJISTAR,LONGLINE]",-0.027434066373051385,10
"M@[,APO:BOP]P@[,SPINNINGTOP]",-0.02900809201829149,36
"P@[,DOJI,GRAVESTONEDOJI,LONGLEGGEDDOJI]",-0.03683371653962969,43
"P@[,ENGULFING,SHORTLINE]O@[,CROSSOVER21]",-0.03932094595947233,2
"M@[,ADXR40,CCI:BOP]P@[,ENGULFING,MORNINGSTAR,MORNINGDOJISTAR,LONGLINE]",-0.03966679888932738,1
"P@[,HAMMER,HIKKAKE,MATCHINGLOW]",-0.04013753273223275,6
"M@[,CCI:BOP]P@[,3OUTSIDE]",-0.041547911910716426,22
"M@[,ADXR20,CCI:BOP]P@[,3INSIDE,LONGLINE]",-0.04329941545788886,1
"P@[,HARAMI]O@[,CROSSOVER50]",-0.045222953984094816,2
"M@[,AROON,RSI:BOP]P@[,LONGLINE]",-0.04799138316070162,2
"P@[,HARAMI,SPINNINGTOP,SHORTLINE]",-0.048773435434397,59
"M@[,ADXR40:BOP]P@[,HARAMI,SPINNINGTOP,SHORTLINE]",-0.05053786730198673,1
"M@[,CCI,RSI:BOP]P@[,ENGULFING,CLOSINGMARUBOZU,LONGLINE]",-0.05288323821696551,1
"M@[,APO:BOP]P@[,BELTHOLD,LONGLINE]O@[,CROSSOVER21]",-0.05296565879493684,2
"M@[,CCI:BOP]P@[,DOJI,LONGLEGGEDDOJI,SPINNINGTOP,RICKSHAWMAN]",-0.058700943407379004,9
"P@[,DOJI,GRAVESTONEDOJI,LONGLEGGEDDOJI,SHORTLINE]",-0.06275299795854233,15
"P@[,SPINNINGTOP,3OUTSIDE]",-0.06410835749825584,44
"P@[,3INSIDE,LONGLINE]",-0.0643779370011238,46
"M@[,AROON:BOP]P@[,SPINNINGTOP]",-0.06849006160166031,55
"P@[,DOJI,LONGLEGGEDDOJI,SPINNINGTOP,HIGHWAVE,HIKKAKE,RICKSHAWMAN]O@[,CROSSOVER50]",-0.07097903752425117,1
"M@[,RSI:BOP]P@[,HARAMI,HARAMICROSS,DOJI,LONGLEGGEDDOJI,SPINNINGTOP,HIGHWAVE,RICKSHAWMAN,SHORTLINE]",-0.07273349591408895,2
"P@[,TASUKIGAP]",-0.07422168845727205,27
"M@[,CCI:BOP]P@[,3OUTSIDE,SHORTLINE]",-0.07542689593321182,12
"P@[,3OUTSIDE,SHORTLINE]",-0.0766008018700242,84
"P@[,BELTHOLD,MORNINGSTAR,MORNINGDOJISTAR,LONGLINE,SEPARATINGLINES]",-0.07749294814171911,1
"P@[,BELTHOLD,3OUTSIDE]",-0.08205160469445727,56
"M@[,RSI:BOP]P@[,3OUTSIDE,SHORTLINE]",-0.08289582757666608,1
"P@[,CLOSINGMARUBOZU,3OUTSIDE,LONGLINE]",-0.08297631097878297,17
"M@[,AROON:BOP]P@[,HARAMI]",-0.08760438417049968,18
"M@[,APO:BOP]P@[,HARAMI,SPINNINGTOP,SHORTLINE]",-0.08773119271030844,2
"P@[,BELTHOLD,PIERCING]",-0.08848158256389596,17
"M@[,APO:BOP]P@[,HARAMI,SPINNINGTOP]",-0.0910177062619656,3
"M@[,RSI:BOP]P@[,ENGULFING,CLOSINGMARUBOZU]",-0.09514747859182092,1
"M@[,APO:BOP]P@[,DOJI,LONGLEGGEDDOJI,SPINNINGTOP,HIGHWAVE,RICKSHAWMAN]",-0.09845006542560013,17
"P@[,STICKSANDWICH]",-0.10127200685958211,7
"P@[,BELTHOLD,LONGLINE,SEPARATINGLINES]",-0.10221352574890255,110
"M@[,AROON:BOP]P@[,BELTHOLD,ENGULFING]",-0.10221471056042658,9
"M@[,AROON:BOP]P@[,BELTHOLD]",-0.10455299063520791,116
"P@[,BELTHOLD,ENGULFING]",-0.10795931171955626,190
"M@[,ADXR20,AROON:BOP]P@[,BELTHOLD,LONGLINE]",-0.10857763300760749,1
"M@[,APO:BOP]P@[,BELTHOLD,LONGLINE]V@[,AD:OBV]",-0.115360299980227,1
"M@[,CCI:BOP]P@[,MORNINGSTAR,LONGLINE]",-0.11627874769459397,9
"P@[,HAMMER,HIKKAKE,HIKKAKEMOD,SHORTLINE]",-0.11734793663211865,1
"M@[,ADXR20:BOP]P@[,CLOSINGMARUBOZU,LONGLINE]",-0.12460146609711813,3
"M@[,RSI:BOP]P@[,SPINNINGTOP]",-0.13481149072946375,8
"P@[,3OUTSIDE,LONGLINE]",-0.13559561064895925,82
"P@[,HARAMI,HARAMICROSS,DOJI,LONGLEGGEDDOJI,SPINNINGTOP]",-0.1404213077446463,7
"M@[,ADXR40:BOP]P@[,DOJI,LONGLEGGEDDOJI,SPINNINGTOP,HIGHWAVE,HIKKAKE,RICKSHAWMAN,SHORTLINE]",-0.14129615674453655,1
"P@[,HAMMER,HARAMI,HOMINGPIGEON,MATCHINGLOW]",-0.14399624349393977,5
"M@[,AROON:BOP]P@[,BELTHOLD,3OUTSIDE]",-0.15215909305963393,6
"M@[,AROON:BOP]P@[,HARAMI,SPINNINGTOP,SHORTLINE]",-0.15514935500689087,2
"P@[,CDLINVERTEDHAMMER,DOJI,GRAVESTONEDOJI,LONGLEGGEDDOJI]",-0.16254513929601427,11
"M@[,CCI,RSI:BOP]P@[,BELTHOLD,3INSIDE,LONGLINE]",-0.16301785112833095,1
"M@[,APO:BOP]P@[,HARAMI]",-0.1647298779430085,22
"M@[,AROON,CCI:BOP]P@[,3OUTSIDE,LONGLINE]",-0.16507832955717894,1
"M@[,ADXR20:BOP]P@[,MARUBOZU,BELTHOLD,CLOSINGMARUBOZU,LONGLINE]",-0.166183507168307,2
"P@[,CDLINVERTEDHAMMER,DOJI,GRAVESTONEDOJI,LONGLEGGEDDOJI,SPINNINGTOP,HIGHWAVE,RICKSHAWMAN,SHORTLINE]",-0.16787485692484133,1
"P@[,SPINNINGTOP,HIKKAKE]",-0.1768240276642468,45
"P@[,HAMMER,DOJI,DOJISTAR,DRAGONFLYDOJI,LONGLEGGEDDOJI,SPINNINGTOP,HIKKAKE,RICKSHAWMAN,TAKURI]",-0.1797397368610252,1
"M@[,APO:BOP]P@[,CDLINVERTEDHAMMER,DOJI,GRAVESTONEDOJI,LONGLEGGEDDOJI]",-0.18139414356050498,1
"P@[,ENGULFING,DOJI,LONGLEGGEDDOJI,SPINNINGTOP,HIGHWAVE,RICKSHAWMAN]",-0.1824151769427216,1
"M@[,CCI:BOP]P@[,CLOSINGMARUBOZU,LONGLINE]",-0.18409785130531411,35
"P@[,BELTHOLD,RISEFALL3METHODS,SEPARATINGLINES]O@[,CROSSOVER21]",-0.1851851851851805,1
"P@[,DOJI,DOJISTAR,LONGLEGGEDDOJI,SPINNINGTOP,HIGHWAVE,RICKSHAWMAN]",-0.1863883365879497,118
"P@[,3OUTSIDE,SHORTLINE]O@[,CROSSOVER21]",-0.18759966232060782,1
"P@[,CLOSINGMARUBOZU]",-0.18920063906287984,171
"M@[,ADXR20:BOP]P@[,3OUTSIDE,SHORTLINE]",-0.19113417970120897,1
"P@[,HIKKAKE,SHORTLINE]O@[,CROSSOVER21,CROSSOVER50]",-0.19438444924405557,1
"P@[,BELTHOLD,3OUTSIDE,LONGLINE]",-0.19889085586013217,105
"M@[,ADXR20:BOP]P@[,CLOSINGMARUBOZU,LONGLINE]O@[,CROSSOVER21]",-0.20661490532839297,1
"M@[,RSI:BOP]P@[,DOJI,LONGLEGGEDDOJI,SPINNINGTOP,RICKSHAWMAN]",-0.21019442984761202,1
"P@[,BELTHOLD,LONGLINE]V@[,AD:OBV]",-0.21244874673129135,10
"M@[,RSI:BOP]P@[,SHORTLINE]",-0.21378167251369837,46
"M@[,AROON:BOP]P@[,3OUTSIDE]",-0.21511377256290964,19
"P@[,DOJI,DOJISTAR,LONGLEGGEDDOJI,SPINNINGTOP,HIGHWAVE,RICKSHAWMAN,SHORTLINE]",-0.21712031098658868,12
"M@[,CCI:BOP]P@[,DOJI,LONGLEGGEDDOJI,SPINNINGTOP,HIGHWAVE,RICKSHAWMAN]",-0.22114889265638596,75
"P@[,DOJI,GRAVESTONEDOJI,LONGLEGGEDDOJI,SPINNINGTOP,HIGHWAVE]",-0.22442289923863595,5
"M@[,RSI]P@[,HARAMI,HOMINGPIGEON,MATCHINGLOW]",-0.22646315851306192,2
"P@[,DOJI,LONGLEGGEDDOJI,SPINNINGTOP,HIKKAKE,RICKSHAWMAN,SHORTLINE]",-0.2268790184933097,3
"P@[,ENGULFING,CLOSINGMARUBOZU,LONGLINE]",-0.2300814049664529,52
"P@[,ENGULFING,SHORTLINE,UNIQUE3RIVER]",-0.23531674022607252,4
"M@[,RSI:BOP]P@[,SPINNINGTOP,HIGHWAVE,SHORTLINE]",-0.23691484227614137,1
"M@[,RSI:BOP]P@[,HARAMI,HARAMICROSS,DOJI,LONGLEGGEDDOJI,SPINNINGTOP,HIGHWAVE,RICKSHAWMAN]",-0.2374714277894412,12
"M@[,RSI:BOP]P@[,HARAMI,SPINNINGTOP,HIGHWAVE]",-0.2398609860834384,3
"M@[,AROON:BOP]P@[,HARAMI,SPINNINGTOP]",-0.24384077773465507,2
"P@[,BELTHOLD,ENGULFING,HIKKAKE,LONGLINE]",-0.24656183222837108,2
"M@[,CCI:BOP]P@[,HARAMI,HARAMICROSS,DOJI,LONGLEGGEDDOJI,SPINNINGTOP,HIGHWAVE,RICKSHAWMAN]",-0.24908880380124665,16
"M@[,AROON:BOP]P@[,SPINNINGTOP,HIGHWAVE]",-0.25165113102321246,14
"M@[,ADXR20,AROON:BOP]P@[,SPINNINGTOP,UNIQUE3RIVER]",-0.2558519324986416,1
"M@[,CCI,RSI:BOP]P@[,SPINNINGTOP]",-0.2581638071826412,4
"M@[,APO:BOP]P@[,BELTHOLD]",-0.261836868526698,41
"P@[,HARAMI,HARAMICROSS,DOJI,LONGLEGGEDDOJI,SPINNINGTOP,HIGHWAVE,HIKKAKE,RICKSHAWMAN]",-0.26416955949813736,11
"P@[,CLOSINGMARUBOZU]V@[,AD:OBV]",-0.2641921601209802,1
"M@[,CCI:BOP]P@[,ENGULFING,LONGLINE]V@[,AD:OBV]",-0.2663661510091202,1
"P@[,HARAMI,HARAMICROSS,DOJI,GRAVESTONEDOJI,LONGLEGGEDDOJI,SHORTLINE]",-0.2707068557884262,3
"M@[,AROON:BOP]P@[,ENGULFING,SHORTLINE]",-0.271523426592013,3
"P@[,LONGLINE,RISEFALL3METHODS]",-0.2784850768876304,7
"P@[,3OUTSIDE,LONGLINE]V@[,AD:OBV]",-0.28030833917307446,1
"M@[,APO:BOP]P@[,BELTHOLD,3INSIDE,LONGLINE]",-0.28476506881823577,1
"P@[,DOJI,DOJISTAR,GRAVESTONEDOJI,LONGLEGGEDDOJI]",-0.2861093467774173,2
"M@[,CCI:BOP]P@[,ENGULFING,UNIQUE3RIVER]",-0.2919883204671704,1
"P@[,CDLINVERTEDHAMMER]",-0.29213740229605967,57
"P@[,UNIQUE3RIVER]",-0.292703191012633,16
"M@[,CCI:BOP]P@[,DOJI,DRAGONFLYDOJI,LONGLEGGEDDOJI,SPINNINGTOP,RICKSHAWMAN,SHORTLINE,TAKURI]",-0.2943340691685104,1
"P@[,HIKKAKE]",-0.2943798045087993,270
"M@[,ADXR20,CCI:BOP]P@[,BELTHOLD,ENGULFING,LONGLINE]",-0.2992607458439478,2
"P@[,DOJI,LONGLEGGEDDOJI,SPINNINGTOP,3OUTSIDE,HIGHWAVE]",-0.2992699760581278,3
"P@[,HIKKAKE,HIKKAKEMOD,SHORTLINE]",-0.3048555962290591,2
"M@[,CCI:BOP]P@[,BELTHOLD,ENGULFING,MORNINGSTAR,LONGLINE]",-0.3071758854005819,3
"M@[,CCI:BOP]P@[,ENGULFING,LONGLINE]",-0.31311677179839087,43
"P@[,MORNINGSTAR]O@[,CROSSOVER21]",-0.31984007996002456,1
"M@[,RSI:BOP]P@[,HAMMER,SHORTLINE]",-0.33216100039077545,1
"M@[,AROON:BOP]P@[,DOJI,LONGLEGGEDDOJI,SPINNINGTOP,RICKSHAWMAN,SHORTLINE]",-0.335345405767941,1
"P@[,DOJI,LONGLEGGEDDOJI,SPINNINGTOP,3INSIDE,RICKSHAWMAN]",-0.33858953274644477,1
"M@[,APO:BOP]P@[,HIKKAKE,SHORTLINE]",-0.33869602032176005,2
"M@[,ADXR20:BOP]P@[,BELTHOLD]",-0.3392845503627131,19
"P@[,BELTHOLD,ENGULFING,MORNINGSTAR,LONGLINE]",-0.34267984977790694,12
"M@[,ADXR20:BOP]P@[,SPINNINGTOP]",-0.34586812159931757,13
"P@[,SPINNINGTOP,HIGHWAVE,SHORTLINE,UNIQUE3RIVER]",-0.34647033347769035,1
"P@[,DOJI,GRAVESTONEDOJI,LONGLEGGEDDOJI,SPINNINGTOP,HIGHWAVE,RICKSHAWMAN]",-0.3483970048311511,23
"M@[,RSI:BOP]P@[,ENGULFING,SPINNINGTOP,SHORTLINE]",-0.35001166075905443,2
"P@[,SPINNINGTOP]V@[,AD:OBV]",-0.3526504052874208,5
"P@[,CDLINVERTEDHAMMER,DOJI,DOJISTAR,GRAVESTONEDOJI,LONGLEGGEDDOJI,SPINNINGTOP,HIGHWAVE,RICKSHAWMAN]",-0.36357578605618146,3
"M@[,CCI:BOP]P@[,SPINNINGTOP,3OUTSIDE,HIGHWAVE]",-0.3710957633233711,1
"M@[,CCI:BOP]P@[,PIERCING,LONGLINE]",-0.37117820380363037,1
"M@[,CCI:BOP]P@[,3INSIDE,LONGLINE]V@[,AD:OBV]",-0.372492836676221,1
"P@[,HARAMI,HARAMICROSS,DOJI,DRAGONFLYDOJI,LONGLEGGEDDOJI,HOMINGPIGEON,TAKURI]",-0.373428238850184,13
"P@[,3INSIDE,LONGLINE]O@[,CROSSOVER21,CROSSOVER50]",-0.3762987924740267,1
"P@[,DOJI,GRAVESTONEDOJI,LONGLEGGEDDOJI,SPINNINGTOP,HIGHWAVE,RICKSHAWMAN,SHORTLINE,UNIQUE3RIVER]",-0.38157652705471995,1
"M@[,ADXR20:BOP]P@[,SPINNINGTOP,SHORTLINE]O@[,CROSSOVER21]",-0.3830701672428206,1
"M@[,ADXR20,CCI:BOP]P@[,DOJI,LONGLEGGEDDOJI,SPINNINGTOP,HIGHWAVE,RICKSHAWMAN,UNIQUE3RIVER]",-0.3832743997428353,1
"M@[,AROON:BOP]P@[,ENGULFING,MORNINGSTAR,MORNINGDOJISTAR]",-0.38515406162465776,1
"M@[,ADXR20:BOP]P@[,3OUTSIDE]",-0.3881425876207927,6
"M@[,AROON:BOP]P@[,MORNINGSTAR,MORNINGDOJISTAR,LONGLINE]",-0.3885531022573197,1
"M@[,ADXR20:BOP]P@[,DOJI,LONGLEGGEDDOJI,SPINNINGTOP,HIGHWAVE,RICKSHAWMAN,SHORTLINE]",-0.3894582467476353,6
"M@[,ADXR40,RSI:BOP]P@[,BELTHOLD]",-0.39849976558836614,1
"M@[,CCI:BOP]P@[,LONGLINE]O@[,CROSSOVER50]",-0.40000000000000563,1
"M@[,CCI:BOP]P@[,ENGULFING]",-0.40346053146885924,82
"P@[,HARAMI,HARAMICROSS,DOJI,GRAVESTONEDOJI,LONGLEGGEDDOJI,SPINNINGTOP,HIGHWAVE]",-0.4079480605861037,5
"M@[,CCI:BOP]P@[,DOJI,GRAVESTONEDOJI,LONGLEGGEDDOJI,SPINNINGTOP,HIGHWAVE]",-0.4106776180698113,1
"P@[,DOJI,LONGLEGGEDDOJI,SPINNINGTOP,HIKKAKE,RICKSHAWMAN]",-0.4162694050701206,10
"M@[,CCI,RSI:BOP]P@[,CLOSINGMARUBOZU,PIERCING,LONGLINE]",-0.42563253724283623,1
"P@[,HARAMI,HARAMICROSS,DOJI,LONGLEGGEDDOJI,SPINNINGTOP,HIGHWAVE,RICKSHAWMAN]O@[,CROSSOVER50]",-0.42641045122738075,3
"P@[,DOJI,DRAGONFLYDOJI,LONGLEGGEDDOJI,HIKKAKE,TAKURI]",-0.4284573580195432,6
"M@[,CCI:BOP]P@[,MORNINGSTAR,MORNINGDOJISTAR]",-0.43620880061470607,12
"P@[,HARAMI,HARAMICROSS,DOJI,GRAVESTONEDOJI,LONGLEGGEDDOJI,SPINNINGTOP,HIGHWAVE,RICKSHAWMAN,SHORTLINE]",-0.4461490868624281,3
"P@[,DOJI,LONGLEGGEDDOJI,SPINNINGTOP,HIGHWAVE,RICKSHAWMAN,SHORTLINE,UNIQUE3RIVER]",-0.4603526368566168,6
"P@[,DOJI,LONGLEGGEDDOJI,SPINNINGTOP,RICKSHAWMAN,SHORTLINE]O@[,CROSSOVER21]",-0.46158216162476917,1
"M@[,CCI:BOP]P@[,BELTHOLD,3INSIDE,LONGLINE]",-0.46771273779545425,13
"M@[,CCI:BOP]P@[,3INSIDE,SHORTLINE,UNIQUE3RIVER]",-0.47218397775831933,4
"P@[,CLOSINGMARUBOZU,3OUTSIDE]",-0.4725698337851279,6
"P@[,DOJI,LONGLEGGEDDOJI,SPINNINGTOP,HIGHWAVE,HIKKAKE,RICKSHAWMAN,SHORTLINE]",-0.4817810344255969,25
"M@[,CCI:BOP]P@[,SPINNINGTOP,SHORTLINE]",-0.4827542762850506,24
"P@[,HIKKAKE,HIKKAKEMOD]",-0.48611122000237356,6
"P@[,DOJI,LONGLEGGEDDOJI,SPINNINGTOP,HIGHWAVE,HIKKAKE,HIKKAKEMOD,RICKSHAWMAN]",-0.48774193298227403,5
"P@[,BELTHOLD,LONGLINE,SEPARATINGLINES]O@[,CROSSOVER21]",-0.48866234618612436,3
"M@[,AROON:BOP]P@[,BELTHOLD,3OUTSIDE,LONGLINE]",-0.4911986516854512,8
"P@[,HARAMI,HARAMICROSS,DOJI,DRAGONFLYDOJI,LONGLEGGEDDOJI,SPINNINGTOP,TAKURI]",-0.49222797927460554,1
"P@[,ENGULFING,HIKKAKE]",-0.49551861676889114,9
"P@[,DOJI,LONGLEGGEDDOJI,SPINNINGTOP,3OUTSIDE,HIGHWAVE,RICKSHAWMAN,SHORTLINE]",-0.4955472869655874,6
"M@[,APO:BOP]P@[,CLOSINGMARUBOZU,LONGLINE]",-0.49644361505229945,6
"P@[,MARUBOZU,BELTHOLD,ENGULFING,CLOSINGMARUBOZU,MORNINGSTAR,LONGLINE]",-0.49902152641878894,1
"P@[,HARAMI,SPINNINGTOP]O@[,CROSSOVER21]",-0.5040322580645161,1
"P@[,DOJI,LONGLEGGEDDOJI,SPINNINGTOP,3OUTSIDE,HIGHWAVE,RICKSHAWMAN]",-0.5050257113672941,12
"M@[,ADXR20,CCI:BOP]P@[,3OUTSIDE]",-0.508044030482637,1
"M@[,CCI:BOP]P@[,BELTHOLD,ENGULFING,3INSIDE,LONGLINE]",-0.5222477543346563,1
"M@[,RSI:BOP]P@[,DOJI,GRAVESTONEDOJI,LONGLEGGEDDOJI,SPINNINGTOP,RICKSHAWMAN]",-0.5284378232527471,3
"M@[,RSI:BOP]P@[,HARAMI,SHORTLINE]",-0.5316387561570433,15
"M@[,ADXR40,CCI:BOP]P@[,CLOSINGMARUBOZU,LONGLINE]",-0.5335704757670151,1
"P@[,HARAMI,SHORTLINE]O@[,CROSSOVER50]",-0.5376344086021582,1
"M@[,ADXR40,CCI:BOP]P@[,ENGULFING,LONGLINE]",-0.5381344671804501,1
"M@[,APO,AROON:BOP]P@[,LONGLINE]",-0.5410027461233595,3
"M@[,APO:BOP]P@[,SHORTLINE]O@[,CROSSOVER21]",-0.5424117611721535,4
"M@[,ADXR20:BOP]P@[,HARAMI,SPINNINGTOP]",-0.5465348273826978,7
"P@[,PIERCING,LONGLINE]",-0.5471161103067451,41
"P@[,BELTHOLD,ENGULFING,LONGLINE]V@[,AD:OBV]",-0.5512487069233722,2
"M@[,ADXR20:BOP]P@[,BELTHOLD,3OUTSIDE,LONGLINE]",-0.551357974269955,1
"P@[,DOJI,DRAGONFLYDOJI,LONGLEGGEDDOJI,SPINNINGTOP,RICKSHAWMAN,TAKURI]",-0.5525118991644346,17
"M@[,RSI:BOP]P@[,DOJI,LONGLEGGEDDOJI,SPINNINGTOP,HIGHWAVE]",-0.5552751212421875,2
"M@[,APO:BOP]P@[,CLOSINGMARUBOZU]",-0.5560081969107004,5
"M@[,ADXR20,RSI:BOP]P@[,CDLINVERTEDHAMMER,DOJI,GRAVESTONEDOJI,LONGLEGGEDDOJI,SHORTLINE]",-0.5575266092245427,1
"M@[,APO:BOP]P@[,3OUTSIDE]",-0.5581940173095679,9
"P@[,BELTHOLD,ENGULFING,LONGLINE,SEPARATINGLINES]",-0.5614216379241167,5
"M@[,CCI:BOP]P@[,ENGULFING,CLOSINGMARUBOZU,LONGLINE]",-0.5617620800459082,5
"M@[,ADXR20:BOP]P@[,SHORTLINE]O@[,CROSSOVER21]",-0.5623619200642608,1
"P@[,BELTHOLD,ENGULFING]V@[,AD:OBV]",-0.5689840758417625,3
"P@[,HAMMER,HARAMI]",-0.5699992857330792,8
"M@[,APO,AROON:BOP]P@[,ENGULFING,LONGLINE]",-0.5702554744525548,1
"P@[,HARAMI,HARAMICROSS,DOJI,LONGLEGGEDDOJI,SPINNINGTOP,RICKSHAWMAN,SHORTLINE]",-0.5744985521003674,16
"M@[,ADXR40:BOP]P@[,DOJI,LONGLEGGEDDOJI,SPINNINGTOP,HIGHWAVE,RICKSHAWMAN]",-0.5788058828162319,6
"P@[,ENGULFING,SHORTLINE]O@[,CROSSOVER50]",-0.5814838391660762,2
"M@[,ADXR20:BOP]P@[,ENGULFING,SPINNINGTOP,HIKKAKE,SHORTLINE]",-0.5927180355630726,1
"M@[,CCI:BOP]P@[,DOJI,LONGLEGGEDDOJI,SPINNINGTOP,RICKSHAWMAN,UNIQUE3RIVER]",-0.5928853754940834,1
"P@[,COUNTERATTACK]",-0.5946747257818037,3
"P@[,HARAMI,HARAMICROSS,DOJI,GRAVESTONEDOJI,LONGLEGGEDDOJI,SPINNINGTOP,RICKSHAWMAN,SHORTLINE]O@[,CROSSOVER21]",-0.5990133897110601,1
"M@[,CCI:BOP]P@[,ENGULFING,CLOSINGMARUBOZU]",-0.5992058846649642,2
"P@[,DOJI,GRAVESTONEDOJI,LONGLEGGEDDOJI,HIKKAKE,SHORTLINE]",-0.6020249931587986,1
"M@[,AROON:BOP]P@[,HARAMI,SHORTLINE]",-0.6030735861838161,9
"M@[,RSI:BOP]P@[,CDLINVERTEDHAMMER,DOJI,GRAVESTONEDOJI,LONGLEGGEDDOJI,SPINNINGTOP,HIGHWAVE,HIKKAKE,RICKSHAWMAN,SHORTLINE]",-0.6366892160764117,1
"P@[,DOJI,DRAGONFLYDOJI,LONGLEGGEDDOJI,SPINNINGTOP,RICKSHAWMAN,SHORTLINE]",-0.6458191706322153,1
"M@[,APO:BOP]P@[,BELTHOLD,MORNINGSTAR,MORNINGDOJISTAR]",-0.6528835690968485,1
"M@[,ADXR20:BOP]P@[,HARAMI,HARAMICROSS,DOJI,LONGLEGGEDDOJI,SPINNINGTOP,HIGHWAVE]",-0.6571157944589235,1
"P@[,ENGULFING,3INSIDE,UNIQUE3RIVER]",-0.662092211387986,1
"M@[,CCI:BOP]P@[,HARAMI,HARAMICROSS,DOJI,LONGLEGGEDDOJI,SPINNINGTOP,HIGHWAVE,RICKSHAWMAN,SHORTLINE]",-0.6748929994386941,2
"M@[,RSI:BOP]P@[,DOJI,SHORTLINE]",-0.6818956699624957,1
"M@[,APO:BOP]P@[,HARAMI,HARAMICROSS,DOJI,LONGLEGGEDDOJI,SPINNINGTOP,HIGHWAVE]",-0.6830176963676018,1
"P@[,ENGULFING,UNIQUE3RIVER]",-0.6851259450206122,3
"P@[,ENGULFING,SPINNINGTOP,HIGHWAVE]",-0.6866793815256473,3
"M@[,AROON,CCI:BOP]P@[,LONGLINE]",-0.6876659228893786,3
"M@[,AROON,CCI:BOP]P@[,HARAMI,HARAMICROSS,DOJI,GRAVESTONEDOJI,LONGLEGGEDDOJI,SPINNINGTOP,RICKSHAWMAN]",-0.6928508384818984,1
"P@[,DOJI,DRAGONFLYDOJI,LONGLEGGEDDOJI,TAKURI,TASUKIGAP]",-0.6961086385940785,1
"P@[,HARAMI,HARAMICROSS,DOJI,DRAGONFLYDOJI,LONGLEGGEDDOJI,SPINNINGTOP,HIGHWAVE,RICKSHAWMAN,TAKURI]",-0.6981334967568518,2
"M@[,APO:BOP]P@[,ENGULFING,CLOSINGMARUBOZU,LONGLINE]",-0.7093070329803639,2
"P@[,PIERCING]",-0.7136181542043994,37
"M@[,CCI:BOP]P@[,3OUTSIDE,LONGLINE]",-0.7196869141132998,4
"M@[,ADXR20:BOP]P@[,HAMMER]",-0.7199696854869183,1
"M@[,ADXR20:BOP]P@[,DOJI,LONGLEGGEDDOJI,SPINNINGTOP,RICKSHAWMAN]",-0.7219402143259985,1
"P@[,DOJI,LONGLEGGEDDOJI,SPINNINGTOP,HIGHWAVE,HIKKAKE,RICKSHAWMAN]O@[,CROSSOVER21]",-0.7246376811594203,1
"P@[,DOJI,LONGLEGGEDDOJI,SPINNINGTOP,HIGHWAVE,RICKSHAWMAN]O@[,CROSSOVER21]",-0.7296531173518163,14
"P@[,DOJI,LONGLEGGEDDOJI,SPINNINGTOP,3OUTSIDE,RICKSHAWMAN,SHORTLINE]",-0.7333917320172014,2
"M@[,APO,AROON:BOP]P@[,BELTHOLD,LONGLINE]",-0.7401095962012569,2
"M@[,ADXR20,AROON:BOP]P@[,3OUTSIDE]",-0.7426823940585483,1
"M@[,AROON:BOP]P@[,BELTHOLD,ENGULFING,MORNINGSTAR,MORNINGDOJISTAR,LONGLINE]",-0.7457074821406106,1
"P@[,DOJI,DRAGONFLYDOJI,LONGLEGGEDDOJI,SPINNINGTOP,RICKSHAWMAN,SHORTLINE,TAKURI,UNIQUE3RIVER]",-0.7473143390938843,1
"M@[,ADXR20,CCI:BOP]P@[,SHORTLINE]",-0.7482364857649023,4
"P@[,CLOSINGMARUBOZU,LONGLINE]O@[,CROSSOVER50]",-0.7596961215513817,1
"M@[,CCI,RSI:BOP]P@[,HARAMI]",-0.7599309153713356,2
"P@[,DOJI,LONGLEGGEDDOJI,SPINNINGTOP,3OUTSIDE,RICKSHAWMAN]",-0.7634842145302441,1
"P@[,MARUBOZU,BELTHOLD,CLOSINGMARUBOZU,3INSIDE,LONGLINE]",-0.7648609262846793,4
"M@[,CCI:BOP]P@[,3INSIDE,LONGLINE]",-0.7664926472578912,21
"M@[,APO:BOP]P@[,SPINNINGTOP,HIGHWAVE]",-0.7705681496743682,9
"M@[,ADXR20:BOP]P@[,SHORTLINE]",-0.7732970199031304,32
"M@[,APO:BOP]P@[,CLOSINGMARUBOZU,3INSIDE,LONGLINE]",-0.7772818223795702,1
"P@[,DOJI,SHORTLINE]",-0.779882727072477,3
"M@[,RSI:BOP]P@[,HARAMI,HIKKAKE,SHORTLINE]",-0.7806955287437858,1
"M@[,CCI:BOP]P@[,CLOSINGMARUBOZU,3INSIDE,LONGLINE]",-0.7956706006454721,4
"M@[,APO:BOP]P@[,BELTHOLD]O@[,CROSSOVER21]",-0.7984779522184976,2
"P@[,DOJI,DOJISTAR,LONGLEGGEDDOJI,SPINNINGTOP,HIGHWAVE,HIKKAKE,RICKSHAWMAN]",-0.8010087478136552,7
"P@[,BELTHOLD,3INSIDE,SEPARATINGLINES]",-0.8039579468150968,1
"M@[,RSI,CCI:BOP]P@[,DOJI,DRAGONFLYDOJI,LONGLEGGEDDOJI,SPINNINGTOP,HIGHWAVE,RICKSHAWMAN,SHORTLINE,TAKURI]",-0.8049341417520431,1
"M@[,RSI]P@[,CDLINVERTEDHAMMER]",-0.8062658373646626,1
"M@[,AROON:BOP]P@[,CLOSINGMARUBOZU,3OUTSIDE]",-0.809138990240776,2
"M@[,CCI:BOP]P@[,HARAMI,HARAMICROSS,DOJI,GRAVESTONEDOJI,LONGLEGGEDDOJI,SPINNINGTOP,HIGHWAVE,RICKSHAWMAN]",-0.8188189577406116,1
"M@[,APO,RSI:BOP]P@[,DOJI,LONGLEGGEDDOJI,SPINNINGTOP,HIGHWAVE,RICKSHAWMAN,SHORTLINE]",-0.8253094910591471,1
"M@[,AROON:BOP]P@[,BELTHOLD,3OUTSIDE,LONGLINE]O@[,CROSSOVER21]",-0.8301343570057669,1
"M@[,AROON:BOP]P@[,HARAMI,HARAMICROSS,DOJI,LONGLEGGEDDOJI,SPINNINGTOP,HIGHWAVE]",-0.8317201788932601,2
"P@[,DOJI,DRAGONFLYDOJI,LONGLEGGEDDOJI,SPINNINGTOP,HIGHWAVE,RICKSHAWMAN,TAKURI]",-0.8379814646374645,7
"M@[,RSI:BOP]P@[,PIERCING]",-0.8387282321552461,2
"M@[,APO:BOP]P@[,DOJI,GRAVESTONEDOJI,LONGLEGGEDDOJI,SPINNINGTOP,HIGHWAVE,RICKSHAWMAN]",-0.8429118773946316,1
"P@[,MARUBOZU,BELTHOLD,CLOSINGMARUBOZU,PIERCING,LONGLINE]",-0.8545451015918774,6
"M@[,RSI:BOP]P@[,ENGULFING,LONGLINE]",-0.8560792980252986,5
"M@[,APO:BOP]P@[,SPINNINGTOP,SHORTLINE]",-0.8569486018253811,4
"P@[,MORNINGSTAR,MORNINGDOJISTAR]",-0.8629097785486871,12
"P@[,BELTHOLD,LONGLINE,SEPARATINGLINES]O@[,CROSSOVER21,CROSSOVER50]",-0.8683296495105778,1
"M@[,ADXR40:BOP]P@[,HARAMI,HARAMICROSS,DOJI,LONGLEGGEDDOJI,SPINNINGTOP]",-0.8766014834794382,1
"M@[,APO:BOP]P@[,DOJI,DOJISTAR,LONGLEGGEDDOJI,SPINNINGTOP,HIGHWAVE,RICKSHAWMAN]",-0.8768114976554078,2
"M@[,AROON:BOP]P@[,BELTHOLD,ENGULFING,MORNINGSTAR,MORNINGDOJISTAR]",-0.8771929824561434,1
"P@[,HAMMER,DOJI,DRAGONFLYDOJI,LONGLEGGEDDOJI,TAKURI]",-0.8811241513342833,9
"P@[,LONGLINE,MATHOLD]",-0.8847644189728601,2
"P@[,DOJI,LONGLEGGEDDOJI,SPINNINGTOP,3INSIDE,HIGHWAVE,UNIQUE3RIVER]",-0.8875739644970331,1
"M@[,CCI:BOP]P@[,DOJI,LONGLEGGEDDOJI,SPINNINGTOP,HIGHWAVE,HIKKAKE,RICKSHAWMAN]",-0.8907823392718793,1
"P@[,BELTHOLD,RISEFALL3METHODS]",-0.8946566711631325,3
"M@[,ADXR40,RSI:BOP]P@[,DOJI,DRAGONFLYDOJI,LONGLEGGEDDOJI,SPINNINGTOP,HIGHWAVE,RICKSHAWMAN,SHORTLINE,TAKURI]",-0.895765472312699,1
"P@[,HAMMER,DOJI,DRAGONFLYDOJI,LONGLEGGEDDOJI,SPINNINGTOP,HIGHWAVE,RICKSHAWMAN,SHORTLINE,TAKURI]",-0.8976261127596372,1
"M@[,ADXR20:BOP]P@[,ENGULFING,SHORTLINE]",-0.9013872982959532,2
"M@[,ADXR20:BOP]P@[,ENGULFING,MORNINGSTAR]",-0.9031610637230363,1
"M@[,ADXR20:BOP]P@[,CLOSINGMARUBOZU]",-0.9063630158335938,3
"M@[,CCI:BOP]P@[,SPINNINGTOP,HIGHWAVE,SHORTLINE]",-0.9097010549288612,2
"P@[,DOJI,LONGLEGGEDDOJI,SPINNINGTOP,HIGHWAVE,RICKSHAWMAN]O@[,CROSSOVER50]",-0.9126327256198643,4
"M@[,ADXR20:BOP]P@[,SPINNINGTOP,HIKKAKE,SHORTLINE]",-0.9141696292534436,1
"P@[,CDLINVERTEDHAMMER,HIKKAKE]",-0.9235563271818505,6
"M@[,CCI:BOP]P@[,BELTHOLD,ENGULFING,LONGLINE,SEPARATINGLINES]",-0.9252615280033233,1
"M@[,AROON:BOP]P@[,LONGLINE]O@[,CROSSOVER50]",-0.929368029739777,1
"P@[,CDLINVERTEDHAMMER,DOJI,DOJISTAR,GRAVESTONEDOJI,LONGLEGGEDDOJI,SPINNINGTOP,RICKSHAWMAN,SHORTLINE]",-0.9399600516978027,1
"P@[,HAMMER,DOJI,DRAGONFLYDOJI,LONGLEGGEDDOJI,MATCHINGLOW,TAKURI]",-0.9417245991741798,8
"M@[,APO:BOP]P@[,ENGULFING]",-0.9443577380601548,12
"M@[,APO:BOP]P@[,ENGULFING]O@[,CROSSOVER21]",-0.9501187648456023,1
"P@[,COUNTERATTACK,LONGLINE]",-0.9560140550390489,4
"P@[,MARUBOZU,BELTHOLD,CLOSINGMARUBOZU,LONGLINE,SEPARATINGLINES]O@[,CROSSOVER21]",-0.9631260319207486,1
"M@[,APO:BOP]P@[,BELTHOLD,ENGULFING,LONGLINE]",-0.9669288247307583,7
"M@[,AROON:BOP]P@[,MARUBOZU,BELTHOLD,CLOSINGMARUBOZU,LONGLINE]",-0.9789455121954126,16
"M@[,ADXR20,CCI:BOP]P@[,DOJI,LONGLEGGEDDOJI,SPINNINGTOP,HIGHWAVE,RICKSHAWMAN]",-0.9848173984406966,1
"P@[,CLOSINGMARUBOZU,HIKKAKE,LONGLINE]",-0.9883405014461261,3
"P@[,CDLINVERTEDHAMMER,DOJI,GRAVESTONEDOJI,LONGLEGGEDDOJI,SPINNINGTOP]",-0.9950248756218827,1
"M@[,ADXR20:BOP]P@[,MARUBOZU,BELTHOLD,ENGULFING,CLOSINGMARUBOZU,LONGLINE]",-0.9981886765523682,2
"M@[,AROON:BOP]P@[,BELTHOLD,LONGLINE]O@[,CROSSOVER21]",-1.0002934554844873,3
"M@[,ADXR20,CCI:BOP]P@[,SHORTLINE,UNIQUE3RIVER]",-1.0006671114076051,1
"P@[,3OUTSIDE]O@[,CROSSOVER21]",-1.003426333822815,1
"P@[,DOJI,GRAVESTONEDOJI,LONGLEGGEDDOJI,SPINNINGTOP]O@[,CROSSOVER50]",-1.0325655281969908,1
"P@[,ENGULFING,CLOSINGMARUBOZU]",-1.033568492081274,26
"M@[,APO,AROON:BOP]P@[,BELTHOLD,LONGLINE,SEPARATINGLINES]",-1.0344827586206835,1
"P@[,HAMMER,HIKKAKE]V@[,AD]",-1.0393713071117991,1
"P@[,COUNTERATTACK,HIKKAKE,LONGLINE]",-1.0505915952672333,1
"M@[,CCI,RSI:BOP]P@[,ENGULFING]V@[,AD:OBV]",-1.0597966569015989,1
"P@[,SPINNINGTOP]O@[,CROSSOVER50]",-1.074934817793767,9
"M@[,APO,AROON:BOP]P@[,MATHOLD]",-1.0802469135802513,1
"P@[,DOJI,DRAGONFLYDOJI,LONGLEGGEDDOJI,SPINNINGTOP,TAKURI]V@[,AD:OBV]",-1.0813664717729967,1
"P@[,DOJI,DRAGONFLYDOJI,LONGLEGGEDDOJI,MATCHINGLOW,TAKURI]",-1.0852425322369321,10
"M@[,CCI:BOP]P@[,PIERCING]",-1.0867320492248476,2
"M@[,ADXR20:BOP]P@[,HARAMI,HARAMICROSS,DOJI,GRAVESTONEDOJI,LONGLEGGEDDOJI,SPINNINGTOP,HIGHWAVE,RICKSHAWMAN]",-1.090755056655719,1
"P@[,HAMMER,XSIDEGAP3METHODS]",-1.0928453393402515,2
"M@[,CCI:BOP]P@[,BELTHOLD,MORNINGSTAR,MORNINGDOJISTAR]",-1.126906891891822,9
"M@[,CCI:BOP]P@[,MARUBOZU,BELTHOLD,CLOSINGMARUBOZU,LONGLINE,SEPARATINGLINES]",-1.1274927214295571,3
"M@[,ADXR20:BOP]P@[,HARAMI,HARAMICROSS,DOJI,LONGLEGGEDDOJI,SPINNINGTOP,HIGHWAVE,RICKSHAWMAN]",-1.1285079137764993,8
"M@[,APO:BOP]P@[,MORNINGSTAR]",-1.1315761045695174,1
"M@[,CCI:BOP]P@[,BELTHOLD,3INSIDE]",-1.1332966009587595,13
"M@[,AROON:BOP]P@[,BELTHOLD,ENGULFING,LONGLINE]O@[,CROSSOVER21]",-1.1335274542429261,1
"P@[,DOJI,DOJISTAR,LONGLEGGEDDOJI,SPINNINGTOP,RICKSHAWMAN]",-1.1433352074833427,11
"P@[,ENGULFING,3INSIDE,LONGLINE]V@[,AD:OBV]",-1.150656667857001,1
"M@[,CCI,RSI:BOP]P@[,BELTHOLD,SEPARATINGLINES]",-1.1533916022317512,2
"M@[,AROON:BOP]P@[,BELTHOLD,3INSIDE,LONGLINE]",-1.1596121771822454,2
"M@[,CCI:BOP]P@[,LONGLINE]V@[,AD:OBV]",-1.1665208515602217,1
"P@[,DOJI,DRAGONFLYDOJI,LONGLEGGEDDOJI,SPINNINGTOP,RICKSHAWMAN,TAKURI]O@[,CROSSOVER21]",-1.1700058654647636,1
"M@[,AROON,RSI:BOP]P@[,3OUTSIDE]",-1.17892976588628,1
"P@[,ENGULFING,SPINNINGTOP,UNIQUE3RIVER]",-1.1790817034262728,1
"P@[,HARAMI,HARAMICROSS,DOJI,LONGLEGGEDDOJI,SPINNINGTOP,HIGHWAVE,HIKKAKE,RICKSHAWMAN,SHORTLINE]",-1.1808891045485388,2
"P@[,BELTHOLD,LONGLINE,RISEFALL3METHODS]",-1.187011195691387,6
"M@[,CCI:BOP]P@[,CLOSINGMARUBOZU,MORNINGSTAR,MORNINGDOJISTAR,LONGLINE]",-1.1905095785843673,2
"P@[,DOJI,GRAVESTONEDOJI,LONGLEGGEDDOJI,MATCHINGLOW]",-1.2008038994406078,5
"P@[,HARAMI,HARAMICROSS,DOJI,GRAVESTONEDOJI,LONGLEGGEDDOJI]",-1.2016505830897124,7
"P@[,HAMMER]O@[,CROSSOVER21]",-1.2146643109540636,1
"M@[,RSI:BOP]P@[,3INSIDE,LONGLINE]",-1.221804511278206,1
"M@[,AROON:BOP]P@[,SPINNINGTOP]O@[,CROSSOVER21]",-1.2309495896834723,1
"P@[,HAMMER,DOJI,DRAGONFLYDOJI,LONGLEGGEDDOJI,SPINNINGTOP,RICKSHAWMAN,TAKURI]",-1.2312228045811893,3
"M@[,ADXR20:BOP]P@[,SPINNINGTOP,3OUTSIDE]",-1.238444095586937,1
"P@[,HAMMER,ENGULFING]",-1.2415785948253264,3
"M@[,APO,CCI:BOP]P@[,ENGULFING,LONGLINE]",-1.2473647224174318,1
"P@[,HAMMER]V@[,AD]",-1.2527908707516773,1
"M@[,CCI:BOP]P@[,3INSIDE,UNIQUE3RIVER]",-1.2539740061478444,3
"M@[,CCI:BOP]P@[,SPINNINGTOP,3INSIDE]",-1.2642967126549447,4
"M@[,ADXR20:BOP]P@[,ENGULFING]O@[,CROSSOVER21]",-1.2658227848101162,1
"M@[,APO:BOP]P@[,3INSIDE]",-1.2719555650509387,2
"M@[,ADXR40:BOP]P@[,BELTHOLD,ENGULFING]",-1.2796999726410416,2
"M@[,CCI:BOP]P@[,MORNINGSTAR]",-1.2875919194001268,8
"M@[,ADXR20:BOP]P@[,BELTHOLD,3INSIDE]",-1.2939001848428775,1
"M@[,APO:BOP]P@[,BELTHOLD,SEPARATINGLINES]",-1.3025022862018978,2
"P@[,DOJI,LONGLEGGEDDOJI,SPINNINGTOP,TRISTAR,RICKSHAWMAN,SHORTLINE]",-1.3043220489713643,1
"M@[,AROON:BOP]P@[,BELTHOLD,3OUTSIDE]O@[,CROSSOVER21]",-1.3060076351215593,1
"M@[,APO:BOP]P@[,3OUTSIDE,LONGLINE]",-1.306413301662718,1
"M@[,ADXR20,CCI:BOP]P@[,HARAMI]",-1.3081178053520706,1
"M@[,ADXR20,APO:BOP]P@[,HARAMI]",-1.3110846245530494,1
"M@[,ADXR20:BOP]P@[,DOJI,GRAVESTONEDOJI,LONGLEGGEDDOJI,SPINNINGTOP,RICKSHAWMAN]",-1.3280924304687007,1
"P@[,3INSIDE,SHORTLINE,UNIQUE3RIVER]",-1.3346322454944028,1
"M@[,CCI,RSI:BOP]P@[,CLOSINGMARUBOZU]",-1.3435700575815792,1
"M@[,APO,CCI:BOP]P@[,MORNINGSTAR,MORNINGDOJISTAR,LONGLINE]",-1.343579106166321,1
"M@[,CCI,RSI:BOP]P@[,BELTHOLD,ENGULFING,MORNINGSTAR]",-1.3484123531970398,1
"M@[,RSI,CCI:BOP]P@[,CLOSINGMARUBOZU,LONGLINE]",-1.3603627634035653,1
"M@[,AROON:BOP]P@[,MORNINGSTAR,LONGLINE]",-1.3665202537823264,1
"M@[,ADXR40,AROON:BOP]P@[,BELTHOLD]",-1.3665914820220337,1
"M@[,RSI:BOP]P@[,DOJI,LONGLEGGEDDOJI,SPINNINGTOP,HIGHWAVE,RICKSHAWMAN]",-1.3703595490415124,11
"M@[,CCI,RSI:BOP]P@[,BELTHOLD,MORNINGSTAR,MORNINGDOJISTAR,LONGLINE]",-1.3740458015267119,1
"M@[,AROON:BOP]P@[,HARAMI,SPINNINGTOP,HIGHWAVE]",-1.396877567789644,1
"P@[,HARAMI,HARAMICROSS,DOJI,DRAGONFLYDOJI,LONGLEGGEDDOJI,HIKKAKE,HOMINGPIGEON,TAKURI]",-1.4012714533895982,1
"M@[,ADXR20:BOP]P@[,ENGULFING,CLOSINGMARUBOZU,LONGLINE]",-1.4023210831721498,1
"M@[,AROON,CCI:BOP]P@[,HARAMI,SHORTLINE]",-1.4062783523861369,1
"M@[,CCI,RSI:BOP]P@[,DOJI,GRAVESTONEDOJI,LONGLEGGEDDOJI]",-1.4071294559099439,1
"P@[,BELTHOLD,ENGULFING,LONGLINE]O@[,CROSSOVER21]",-1.419472640367447,5
"M@[,ADXR40:BOP]P@[,MORNINGSTAR,MORNINGDOJISTAR]",-1.4326543243587608,1
"P@[,HARAMI,SPINNINGTOP,HIGHWAVE]O@[,CROSSOVER21]",-1.4376019575856351,1
"P@[,HAMMER,DOJI,DRAGONFLYDOJI,LONGLEGGEDDOJI,SPINNINGTOP,RICKSHAWMAN,SHORTLINE,TAKURI]",-1.4531754574811666,1
"P@[,ENGULFING]V@[,AD:OBV]",-1.464363449202699,3
"P@[,ENGULFING,LONGLINE]V@[,AD:OBV]",-1.4665107733002867,2
"P@[,BELTHOLD,SEPARATINGLINES]O@[,CROSSOVER50]",-1.4834643912776704,1
"P@[,HAMMER,HARAMI,HOMINGPIGEON]",-1.4959074230877871,1
"M@[,CCI:BOP]P@[,DOJI,GRAVESTONEDOJI,LONGLEGGEDDOJI,SPINNINGTOP]",-1.5151515151515098,1
"M@[,CCI:BOP]P@[,ENGULFING,3INSIDE]",-1.5205272007865542,2
"P@[,SPINNINGTOP,SHORTLINE]O@[,CROSSOVER21]",-1.5220169629371467,1
"M@[,ADXR20:BOP]P@[,SPINNINGTOP,HIKKAKE]",-1.5390166892196695,1
"P@[,BELTHOLD,ENGULFING,SEPARATINGLINES]",-1.5404517245383353,2
"P@[,MORNINGSTAR]",-1.561032021478745,10
"M@[,APO:BOP]P@[,SHORTLINE]V@[,AD:OBV]",-1.5841584158415787,1
"M@[,ADXR20,AROON:BOP]P@[,SPINNINGTOP]",-1.6114672364672487,1
"M@[,RSI:BOP]P@[,CDLINVERTEDHAMMER,DOJI,GRAVESTONEDOJI,LONGLEGGEDDOJI,SPINNINGTOP,RICKSHAWMAN,SHORTLINE]",-1.6221915808256955,1
"M@[,RSI,CCI:BOP]P@[,HARAMI]",-1.6303563699321986,1
"P@[,DOJI,DRAGONFLYDOJI,LONGLEGGEDDOJI,SPINNINGTOP,RICKSHAWMAN,SHORTLINE,TAKURI]",-1.6516658845255248,7
"P@[,CDLINVERTEDHAMMER,DOJI,GRAVESTONEDOJI,LONGLEGGEDDOJI,SPINNINGTOP,HIGHWAVE]",-1.6583187762859208,2
"M@[,ADXR20,APO:BOP]P@[,BELTHOLD]O@[,CROSSOVER21]",-1.658640984483678,1
"M@[,ADXR20:BOP]P@[,SPINNINGTOP,SHORTLINE]",-1.677437287519522,3
"M@[,AROON:BOP]P@[,LONGLINE,RISEFALL3METHODS]",-1.696584938704028,1
"P@[,ENGULFING]O@[,CROSSOVER50]",-1.6971148030270768,8
"P@[,HARAMI,SPINNINGTOP,HIGHWAVE]V@[,AD:OBV]",-1.7114932365749589,1
"M@[,ADXR20:BOP]P@[,SPINNINGTOP,HIGHWAVE]",-1.7214220916643819,7
"M@[,AROON:BOP]P@[,HIKKAKE,SHORTLINE]",-1.7549077929803623,1
"M@[,AROON:BOP]P@[,BELTHOLD,LONGLINE]O@[,CROSSOVER50]",-1.7588110982343843,1
"M@[,APO:BOP]P@[,3OUTSIDE,SHORTLINE]",-1.7594892140749099,3
"M@[,RSI:BOP]P@[,BELTHOLD,LONGLINE,SEPARATINGLINES]",-1.7749171055197945,1
"M@[,ADXR40:BOP]P@[,HARAMI,HARAMICROSS,DOJI,LONGLEGGEDDOJI,SPINNINGTOP,HIGHWAVE,RICKSHAWMAN]",-1.8055218454796993,3
"P@[,SPINNINGTOP,HIGHWAVE]O@[,CROSSOVER21]",-1.8085319360675414,5
"M@[,APO,AROON:BOP]P@[,SHORTLINE]",-1.8097617054813953,1
"M@[,ADXR40,AROON:BOP]P@[,HARAMI,SHORTLINE]",-1.8201429149251718,1
"M@[,CCI:BOP]P@[,ENGULFING,MORNINGSTAR]",-1.8404907975460076,1
"M@[,CCI:BOP]P@[,ENGULFING,SPINNINGTOP,SHORTLINE]",-1.8542316871672453,1
"P@[,DOJI,GRAVESTONEDOJI,LONGLEGGEDDOJI,SPINNINGTOP,HIGHWAVE,HIKKAKE,RICKSHAWMAN,SHORTLINE]",-1.8712992961680257,1
"P@[,CLOSINGMARUBOZU,MORNINGSTAR]",-1.8721019016002458,2
"P@[,LONGLINE,RISEFALL3METHODS]V@[,AD:OBV]",-1.882813676758548,1
"M@[,ADXR20:BOP]P@[,HIKKAKE,SHORTLINE]",-1.8830525272547076,1
"M@[,CCI:BOP]P@[,DOJI,LONGLEGGEDDOJI,SPINNINGTOP,3INSIDE,HIGHWAVE,RICKSHAWMAN]",-1.8831081984753268,1
"P@[,ENGULFING,CLOSINGMARUBOZU,3INSIDE,LONGLINE]",-1.9552252896831284,3
"M@[,RSI:BOP]P@[,HAMMER,DOJI,DRAGONFLYDOJI,LONGLEGGEDDOJI,SPINNINGTOP,HIGHWAVE,RICKSHAWMAN,SHORTLINE,TAKURI]",-1.9582955575702548,1
"M@[,APO:BOP]P@[,BELTHOLD,3OUTSIDE]",-1.9763599162093743,2
"M@[,RSI:BOP]P@[,BELTHOLD,HIKKAKE,LONGLINE]",-1.9816336394393401,1
"M@[,ADXR40,RSI:BOP]P@[,SPINNINGTOP,HIGHWAVE]",-1.9859001092245059,1
"M@[,APO,AROON:BOP]P@[,BELTHOLD,LONGLINE]O@[,CROSSOVER21]",-2.0104338974424167,1
"P@[,BREAKAWAY]",-2.0231213872832274,1
"P@[,DOJI,DOJISTAR,LONGLEGGEDDOJI,SPINNINGTOP,HIKKAKE,RICKSHAWMAN]",-2.047537748071735,1
"P@[,BELTHOLD,ENGULFING,MORNINGSTAR]",-2.048460638864943,3
"M@[,ADXR20:BOP]P@[,DOJI,DRAGONFLYDOJI,LONGLEGGEDDOJI,SPINNINGTOP,RICKSHAWMAN,SHORTLINE,TAKURI]",-2.065082477379435,1
"P@[,BELTHOLD,ENGULFING,MORNINGSTAR,MORNINGDOJISTAR]",-2.0655837318386836,2
"M@[,APO,AROON:BOP]P@[,CLOSINGMARUBOZU,LONGLINE]",-2.07024224342913,3
"M@[,APO:BOP]P@[,CLOSINGMARUBOZU,3WHITESOLDIERS,LONGLINE]",-2.111613876319746,1
"M@[,RSI:BOP]P@[,SPINNINGTOP,3OUTSIDE]",-2.1127772543888903,2
"M@[,CCI,RSI:BOP]P@[,BELTHOLD,MORNINGSTAR,LONGLINE,SEPARATINGLINES]",-2.113610369805568,2
"M@[,AROON,CCI:BOP]P@[,BELTHOLD,BREAKAWAY,LONGLINE]",-2.115341794700512,1
"M@[,ADXR20:BOP]P@[,HARAMI,HARAMICROSS,DOJI,LONGLEGGEDDOJI,SPINNINGTOP,HIGHWAVE,RICKSHAWMAN,SHORTLINE]",-2.1194605009633936,1
"M@[,CCI:BOP]P@[,DOJI,DRAGONFLYDOJI,LONGLEGGEDDOJI,SPINNINGTOP,RICKSHAWMAN,TAKURI]",-2.132477826004898,1
"M@[,ADXR20,AROON:BOP]P@[,LONGLINE]",-2.1389188816650964,2
"M@[,RSI:BOP]P@[,HARAMI,HARAMICROSS,DOJI,LONGLEGGEDDOJI,SPINNINGTOP,RICKSHAWMAN,SHORTLINE]",-2.1523535157866855,1
"M@[,RSI,CCI:BOP]P@[,DOJI,GRAVESTONEDOJI,LONGLEGGEDDOJI,SHORTLINE]",-2.158273381294955,1
"M@[,RSI:BOP]P@[,CLOSINGMARUBOZU]",-2.158911047799931,1
"P@[,HAMMER,DOJI,DRAGONFLYDOJI,LONGLEGGEDDOJI,SPINNINGTOP,HIGHWAVE,RICKSHAWMAN,TAKURI]",-2.161100196463657,1
"P@[,SPINNINGTOP,3OUTSIDE]O@[,CROSSOVER21]V@[,AD:OBV]",-2.1655295164639607,1
"M@[,CCI,RSI:BOP]P@[,ENGULFING,LONGLINE]",-2.171767028627827,1
"M@[,ADXR20,AROON:BOP]P@[,MARUBOZU,BELTHOLD,CLOSINGMARUBOZU,LONGLINE]",-2.190288912418699,1
"P@[,HARAMI,HARAMICROSS,DOJI,LONGLEGGEDDOJI,SPINNINGTOP,HIGHWAVE,HIKKAKE]O@[,CROSSOVER50]",-2.1995665366276524,1
"M@[,ADXR20:BOP]P@[,SPINNINGTOP,HIGHWAVE,UNIQUE3RIVER]",-2.2277227722772244,1
"P@[,BELTHOLD,ENGULFING,LONGLINE]O@[,CROSSOVER21,CROSSOVER50]",-2.237851662404092,1
"M@[,CCI:BOP]P@[,MARUBOZU,BELTHOLD,CLOSINGMARUBOZU,MORNINGSTAR,LONGLINE,SEPARATINGLINES]",-2.2688775965053085,1
"M@[,ADXR20,AROON:BOP]P@[,BELTHOLD]",-2.275570583262897,1
"P@[,CDLINVERTEDHAMMER,DOJI,DOJISTAR,GRAVESTONEDOJI,LONGLEGGEDDOJI,SPINNINGTOP,HIGHWAVE]",-2.290340498136851,3
"M@[,RSI:BOP]P@[,BELTHOLD,MORNINGSTAR,MORNINGDOJISTAR]",-2.3299161230195713,1
"P@[,CLOSINGMARUBOZU,LONGLINE,RISEFALL3METHODS]",-2.370221999666161,1
"P@[,HARAMI,SPINNINGTOP]V@[,AD:OBV]",-2.3806724664942394,1
"M@[,CCI:BOP]P@[,HARAMI,HARAMICROSS,DOJI,GRAVESTONEDOJI,LONGLEGGEDDOJI,SHORTLINE]",-2.3872679045092986,1
"M@[,CCI,RSI:BOP]P@[,MORNINGSTAR]",-2.4309617047246075,1
"M@[,CCI,RSI:BOP]P@[,BELTHOLD,LONGLINE,SEPARATINGLINES]",-2.436978131151683,2
"P@[,CDLINVERTEDHAMMER,DOJI,GRAVESTONEDOJI,LONGLEGGEDDOJI,SPINNINGTOP,RICKSHAWMAN,SHORTLINE]",-2.4640632011129724,3
"M@[,APO:BOP]P@[,BELTHOLD,RISEFALL3METHODS]",-2.4650945286926373,1
"M@[,AROON,CCI:BOP]P@[,ENGULFING,MORNINGSTAR]",-2.5489471739933425,1
"M@[,ADXR40,CCI:BOP]P@[,3INSIDE]",-2.5598335067637903,1
"M@[,CCI:BOP]P@[,HARAMI,SPINNINGTOP,HIKKAKE]",-2.5765124555160175,1
"M@[,ADXR20:BOP]P@[,BELTHOLD,ENGULFING,LONGLINE]V@[,AD:OBV]",-2.589838909541509,1
"M@[,ADXR40:BOP]P@[,HARAMI]",-2.615694164989948,1
"P@[,CDLINVERTEDHAMMER,DOJI,DOJISTAR,GRAVESTONEDOJI,LONGLEGGEDDOJI,SHORTLINE]",-2.647887323943656,1
"P@[,SPINNINGTOP,3OUTSIDE]O@[,CROSSOVER21]",-2.672367717797969,1
"P@[,ENGULFING,SPINNINGTOP]O@[,CROSSOVER21]",-2.7207107162687425,1
"M@[,CCI:BOP]P@[,CLOSINGMARUBOZU,3INSIDE]",-2.7237354085603145,1
"M@[,APO,CCI:BOP]P@[,BELTHOLD,3INSIDE]",-2.7272727272727315,1
"M@[,CCI:BOP]P@[,BELTHOLD,3INSIDE,LONGLINE,SEPARATINGLINES]",-2.7570803939059636,2
"M@[,AROON:BOP]P@[,HIKKAKE,LONGLINE]",-2.8639618138424887,1
"M@[,APO:BOP]P@[,BELTHOLD,LONGLINE,SEPARATINGLINES]",-2.8815628815628846,1
"M@[,APO,AROON:BOP]P@[,DOJI,LONGLEGGEDDOJI,SPINNINGTOP,HIGHWAVE,RICKSHAWMAN]",-2.909026798307475,1
"M@[,RSI:BOP]P@[,DOJI,DRAGONFLYDOJI,LONGLEGGEDDOJI,TAKURI]",-2.9195194419325743,1
"M@[,APO,CCI:BOP]P@[,BELTHOLD,LONGLINE]",-3.0003249730672916,2
"M@[,CCI:BOP]P@[,BELTHOLD,PIERCING]",-3.0335774802097224,2
"M@[,ADXR20:BOP]P@[,DOJI,DOJISTAR,LONGLEGGEDDOJI,SPINNINGTOP,HIGHWAVE,RICKSHAWMAN]",-3.053552253081917,2
"M@[,ADXR20:BOP]P@[,BELTHOLD,ENGULFING,LONGLINE]O@[,CROSSOVER21,CROSSOVER50]",-3.129829984544058,1
"M@[,AROON:BOP]P@[,BELTHOLD,3INSIDE]",-3.1760136381001858,3
"P@[,CLOSINGMARUBOZU,3INSIDE,LONGLINE]O@[,CROSSOVER21]",-3.2754538279400274,1
"M@[,ADXR20,CCI:BOP]P@[,3INSIDE,SHORTLINE]",-3.37631887456037,1
"M@[,ADXR40,CCI:BOP]P@[,LONGLINE]",-3.3898305084745792,1
"M@[,RSI]P@[,HAMMER,HIKKAKE,HIKKAKEMOD,MATCHINGLOW]",-3.40951667291119,1
"M@[,RSI:BOP]P@[,DOJI,DOJISTAR,LONGLEGGEDDOJI,SPINNINGTOP,HIGHWAVE,RICKSHAWMAN]",-3.5204081632653086,1
"M@[,ADXR40:BOP]P@[,DOJI,DRAGONFLYDOJI,LONGLEGGEDDOJI,SHORTLINE,TAKURI]",-3.571428571428571,1
"M@[,ADXR40,RSI:BOP]P@[,ENGULFING]",-3.615112802391942,1
"P@[,HAMMER,ENGULFING,HIKKAKE]",-3.719740208620357,1
"P@[,CDLINVERTEDHAMMER,HIKKAKE,SHORTLINE]",-3.75153751537515,1
"M@[,APO:BOP]P@[,SPINNINGTOP,3INSIDE,SHORTLINE]",-3.786468032278085,1
"P@[,BELTHOLD,MORNINGSTAR,MORNINGDOJISTAR,SEPARATINGLINES]",-3.9215800175181204,3
"M@[,RSI:BOP]P@[,CDLINVERTEDHAMMER,HIKKAKE,SHORTLINE]",-4.214337436640119,1
"P@[,3INSIDE,UNIQUE3RIVER]",-4.322163696813488,1
"M@[,CCI,RSI:BOP]P@[,SHORTLINE,UNIQUE3RIVER]",-4.474885844748864,1
"M@[,RSI:BOP]P@[,MARUBOZU,BELTHOLD,CLOSINGMARUBOZU,PIERCING,LONGLINE]",-4.499437570303712,1
"M@[,RSI:BOP]P@[,BELTHOLD,PIERCING]",-4.749942909340022,1
"P@[,BELTHOLD,3OUTSIDE]O@[,CROSSOVER21]",-4.875828890911455,1
"P@[,ENGULFING,3INSIDE,LONGLINE]O@[,CROSSOVER50]",-5.118924508790075,1
"M@[,AROON:BOP]P@[,LONGLINE]V@[,AD:OBV]",-5.197920831667333,1
"M@[,CCI:BOP]P@[,CLOSINGMARUBOZU,3OUTSIDE]",-5.351724137931028,1
"P@[,HAMMER,DOJI,DOJISTAR,DRAGONFLYDOJI,LONGLEGGEDDOJI,HIKKAKE,TAKURI]",-5.4947916666666625,1
"P@[,CDLINVERTEDHAMMER,DOJI,GRAVESTONEDOJI,LONGLEGGEDDOJI,SPINNINGTOP,HIGHWAVE,HIKKAKE,RICKSHAWMAN]",-5.696484201157091,1
"M@[,ADXR20:BOP]P@[,SPINNINGTOP]O@[,CROSSOVER50]",-7.051975051975049,1
"M@[,ADXR20:BOP]P@[,BELTHOLD,ENGULFING,3INSIDE]",-7.260273972602736,1
"P@[,HAMMER,HIKKAKE]O@[,CROSSOVER21]",-7.643312101910824,1
"P@[,SPINNINGTOP]V@[,AD]",-7.961420126525383,1
"M@[,ADXR20,CCI:BOP]P@[,HARAMI,SPINNINGTOP,HIGHWAVE]",-7.966373098478785,1
"M@[,CCI:BOP]P@[,ENGULFING,SHORTLINE]",-9.468064701541422,8
"P@[,DOJI,DOJISTAR,SHORTLINE]",-9.809264305177114,1
"P@[,SPINNINGTOP]",NaN,1528
