Scrip, Date, Sentiment, Comment
AEPL,2023-01-16,NA,NA
ANGELONE,2023-01-16,NA,NA
BANARBEADS,2023-01-16,NA,NA
BETALA,2023-01-16,NA,NA
DDIL,2023-01-16,NA,NA
FEDERALBNK,2023-01-16,NA,NA
GLFL,2023-01-16,NA,NA
GOTHIPL,2023-01-16,NA,NA
IISL,2023-01-16,NA,NA
INDIANACRY,2023-01-16,NA,NA
JSWISPL,2023-01-16,NA,NA
KESORAMIND,2023-01-16,NA,NA
MAHABANK,2023-01-16,NA,NA
MKVENTURES,2023-01-16,NA,NA
OSCARGLO,2023-01-16,NA,NA
PODARPIGQ,2023-01-16,NA,NA
RAGHUSYN,2023-01-16,NA,NA
SGRL,2023-01-16,NA,NA
SVPGLOB,2023-01-16,NA,NA
TINPLATE,2023-01-16,NA,NA
TLL,2023-01-16,NA,NA
TTFL,2023-01-16,NA,NA
ABHIJIT,2023-01-17,NA,NA
BANKINDIA,2023-01-17,NA,NA
BLBLIMITED,2023-01-17,NA,NA
CHANDRAP,2023-01-17,NA,NA
CONFINT,2023-01-17,NA,NA
DELTACORP,2023-01-17,NA,NA
DHENUBUILD,2023-01-17,NA,NA
EIKO,2023-01-17,NA,NA
ERIS,2023-01-17,NA,NA
GULPOLY,2023-01-17,NA,NA
HATHWAY,2023-01-17,NA,NA
ICICIGI,2023-01-17,NA,NA
ICICIPRULI,2023-01-17,NA,NA
INDOEURO,2023-01-17,NA,NA
JJFINCOR,2023-01-17,NA,NA
MAHACORP,2023-01-17,NA,NA
MANGIND,2023-01-17,NA,NA
MASTEK,2023-01-17,NA,NA
METROBRAND,2023-01-17,NA,NA
NETWORK18,2023-01-17,NA,NA
NEWGEN,2023-01-17,NA,NA
OISL,2023-01-17,NA,NA
OMKAR,2023-01-17,NA,NA
SHALBY,2023-01-17,NA,NA
SHISHIND,2023-01-17,NA,NA
SHREEPUSHK,2023-01-17,NA,NA
SHRENTI,2023-01-17,NA,NA
SHRINIWAS,2023-01-17,NA,NA
STANCAP,2023-01-17,NA,NA
TATAINVEST,2023-01-17,NA,NA
TATAMETALI,2023-01-17,NA,NA
TIGERLOGS,2023-01-17,NA,NA
TOKYOFIN,2023-01-17,NA,NA
TOKYOPLAST,2023-01-17,NA,NA
TV18BRDCST,2023-01-17,NA,NA
ZODIACVEN,2023-01-17,NA,NA
ALOKTEXT,2023-01-18,NA,NA
AMAL,2023-01-18,NA,NA
ANUBHAV,2023-01-18,NA,NA
AURUM,2023-01-18,NA,NA
CCL,2023-01-18,NA,NA
CENTRALBK,2023-01-18,NA,NA
COSYN,2023-01-18,NA,NA
ELEFLOR,2023-01-18,NA,NA
GOACARBON,2023-01-18,NA,NA
INDUSINDBK,2023-01-18,NA,NA
OFSS,2023-01-18,NA,NA
OROSMITHS,2023-01-18,NA,NA
PERSISTENT,2023-01-18,NA,NA
PSPPROJECT,2023-01-18,NA,NA
RALLIS,2023-01-18,NA,NA
SHEMAROO,2023-01-18,NA,NA
SILINFRA,2023-01-18,NA,NA
STYLAMIND,2023-01-18,NA,NA
SUPREME,2023-01-18,NA,NA
SURYAROSNI,2023-01-18,NA,NA
TOYAMSL,2023-01-18,NA,NA
UMIYA,2023-01-18,NA,NA
VINYLINDIA,2023-01-18,NA,NA
VIVANTA,2023-01-18,NA,NA
WELINV,2023-01-18,NA,NA
WENDT,2023-01-18,NA,NA
ACGL,2023-01-19,NA,NA
ANANTRAJ,2023-01-19,NA,NA
ASIANPAINT,2023-01-19,NA,NA
AUBANK,2023-01-19,NA,NA
CANFINHOME,2023-01-19,NA,NA
DATAMATICS,2023-01-19,NA,NA
GCCLINP,2023-01-19,NA,NA
GUJCRED,2023-01-19,NA,NA
HAPPSTMNDS,2023-01-19,NA,NA
HATSUN,2023-01-19,NA,NA
HAVELLS,2023-01-19,NA,NA
HINDUNILVR,2023-01-19,NA,NA
HINDZINC,2023-01-19,NA,NA
IIFLWAM,2023-01-19,NA,NA
INDIAMART,2023-01-19,NA,NA
ISEC,2023-01-19,NA,NA
KUANTUM,2023-01-19,NA,NA
LTTS,2023-01-19,NA,NA
MARBU,2023-01-19,NA,NA
MENONBE,2023-01-19,NA,NA
MFL,2023-01-19,NA,NA
MHLXMIRU,2023-01-19,NA,NA
MODWOOL,2023-01-19,NA,NA
MPHASIS,2023-01-19,NA,NA
NETLINK,2023-01-19,NA,NA
POLYCAB,2023-01-19,NA,NA
PVR,2023-01-19,NA,NA
SPECFOOD,2023-01-19,NA,NA
SVAINDIA,2023-01-19,NA,NA
SWSOLAR,2023-01-19,NA,NA
TANTIACONS,2023-01-19,NA,NA
AETHER,2023-01-20,NA,NA
AKSHOPTFBR,2023-01-20,NA,NA
ALPHALOGIC,2023-01-20,NA,NA
ATUL,2023-01-20,NA,NA
BANDHANBNK,2023-01-20,NA,NA
BOMBWIR,2023-01-20,NA,NA
CCLINTER,2023-01-20,NA,NA
COFORGE,2023-01-20,NA,NA
DCMSHRIRAM,2023-01-20,NA,NA
DIVSHKT,2023-01-20,NA,NA
FEDDERELEC,2023-01-20,NA,NA
GGAUTO,2023-01-20,NA,NA
HDFCLIFE,2023-01-20,NA,NA
HERITGFOOD,2023-01-20,NA,NA
IEX*,2023-01-20,NA,NA
INDOCITY,2023-01-20,NA,NA
INDXTRA,2023-01-20,NA,NA
JSWENERGY,2023-01-20,NA,NA
JSWSTEEL,2023-01-20,NA,NA
KABRAEXTRU,2023-01-20,NA,NA
KEYCORP,2023-01-20,NA,NA
LKPFIN,2023-01-20,NA,NA
LLOYDSME,2023-01-20,NA,NA
LTIM,2023-01-20,NA,NA
MISHTANN,2023-01-20,NA,NA
NELCO,2023-01-20,NA,NA
NGIL,2023-01-20,NA,NA
NRINTER,2023-01-20,NA,NA
ONWARDTEC,2023-01-20,NA,NA
PERFEPA,2023-01-20,NA,NA
PETRONET,2023-01-20,NA,NA
PHOSPHATE,2023-01-20,NA,NA
PILITA,2023-01-20,NA,NA
RELIANCE,2023-01-20,NA,NA
RIIL,2023-01-20,NA,NA
RISHDIGA,2023-01-20,NA,NA
RKFORGE,2023-01-20,NA,NA
SAREGAMA,2023-01-20,NA,NA
SHAKTIPUMP,2023-01-20,NA,NA
SHIVACEM,2023-01-20,NA,NA
SIMPLXMIL,2023-01-20,NA,NA
SIMPLXPAP,2023-01-20,NA,NA
SYSCHEM,2023-01-20,NA,NA
TANFACIND,2023-01-20,NA,NA
TANLA,2023-01-20,NA,NA
TRANOCE,2023-01-20,NA,NA
UNIONBANK,2023-01-20,NA,NA
UNIVARTS,2023-01-20,NA,NA
URJAGLOBA,2023-01-20,NA,NA
VALLEY,2023-01-20,NA,NA
VCKCAP,2023-01-20,NA,NA
YASTF,2023-01-20,NA,NA
3PLAND,2023-01-21,NA,NA
CHEMBOND,2023-01-21,NA,NA
CILSEC,2023-01-21,NA,NA
CONTROLPR,2023-01-21,NA,NA
CORDSCABLE,2023-01-21,NA,NA
DODLA,2023-01-21,NA,NA
DRAGARWQ,2023-01-21,NA,NA
FUTSOL,2023-01-21,NA,NA
ICICIBANK,2023-01-21,NA,NA
IDFCFIRSTB,2023-01-21,NA,NA
INDBANK,2023-01-21,NA,NA
INDBNK,2023-01-21,NA,NA
JASCH,2023-01-21,NA,NA
KKCL,2023-01-21,NA,NA
KOTAKBANK,2023-01-21,NA,NA
LAKHOTIA,2023-01-21,NA,NA
MAHSCOOTER,2023-01-21,NA,NA
MODAIRY,2023-01-21,NA,NA
MOL,2023-01-21,NA,NA
SBILIFE,2023-01-21,NA,NA
SOFCOM,2023-01-21,NA,NA
SUMEDHA,2023-01-21,NA,NA
ULTRACEMCO,2023-01-21,NA,NA
YESBANK,2023-01-21,NA,NA
ABANSENT,2023-01-23,NA,NA
AMBER,2023-01-23,NA,NA
ARVSMART,2023-01-23,NA,NA
AVANTEL,2023-01-23,NA,NA
AXISBANK,2023-01-23,NA,NA
BBL,2023-01-23,NA,NA
BHARATSE,2023-01-23,NA,NA
BRNL,2023-01-23,NA,NA
BUTTERFLY,2023-01-23,NA,NA
CANBK,2023-01-23,NA,NA
COMPUAGE,2023-01-23,NA,NA
CONCOR,2023-01-23,NA,NA
CRAFTSMAN,2023-01-23,NA,NA
DBOL,2023-01-23,NA,NA
DCXINDIA,2023-01-23,NA,NA
DUCON,2023-01-23,NA,NA
EIMCOELECO,2023-01-23,NA,NA
GCKL,2023-01-23,NA,NA
GLAND,2023-01-23,NA,NA
GRADIENTE,2023-01-23,NA,NA
GRAVITA,2023-01-23,NA,NA
HFCL,2023-01-23,NA,NA
IDBI,2023-01-23,NA,NA
IIFLSEC,2023-01-23,NA,NA
J&KBANK,2023-01-23,NA,NA
JAIMATAG,2023-01-23,NA,NA
JINDRILL,2023-01-23,NA,NA
JSL,2023-01-23,NA,NA
JSLHISAR,2023-01-23,NA,NA
KEI,2023-01-23,NA,NA
KHAICHEM,2023-01-23,NA,NA
LIKHAMI,2023-01-23,NA,NA
MAHSEAMLES,2023-01-23,NA,NA
MAYUKH,2023-01-23,NA,NA
MERCTRD,2023-01-23,NA,NA
NILASPACES,2023-01-23,NA,NA
NRAGRINDQ,2023-01-23,NA,NA
OMAXAUTO,2023-01-23,NA,NA
ORBTEXP,2023-01-23,NA,NA
ORIENTHOT,2023-01-23,NA,NA
PNBGILTS,2023-01-23,NA,NA
POONAWALLA,2023-01-23,NA,NA
PRUDENT,2023-01-23,NA,NA
RAJGLOWIR,2023-01-23,NA,NA
ROUTE,2023-01-23,NA,NA
RTNPOWER,2023-01-23,NA,NA
SAGCEM,2023-01-23,NA,NA
SAPL,2023-01-23,NA,NA
SATIN,2023-01-23,NA,NA
SCAPDVR,2023-01-23,NA,NA
SELAN,2023-01-23,NA,NA
SHAREINDIA,2023-01-23,NA,NA
SHOPERSTOP,2023-01-23,NA,NA
SPLPETRO,2023-01-23,NA,NA
STAMPEDE,2023-01-23,NA,NA
STEELCAS,2023-01-23,NA,NA
SYNGENE,2023-01-23,NA,NA
TATACOMM,2023-01-23,NA,NA
TCFCFINQ,2023-01-23,NA,NA
THANGAMAYL,2023-01-23,NA,NA
TIPSINDLTD,2023-01-23,NA,NA
TMB,2023-01-23,NA,NA
TRITURBINE,2023-01-23,NA,NA
TSPIRITUAL,2023-01-23,NA,NA
ZENSARTECH,2023-01-23,NA,NA
ACCELYA,2023-01-24,NA,NA
ADROITINFO,2023-01-24,NA,NA
ALLSEC,2023-01-24,NA,NA
AMJLAND,2023-01-24,NA,NA
APOLLOPIPES,2023-01-24,NA,NA
ATFL,2023-01-24,NA,NA
AURIONPRO,2023-01-24,NA,NA
AVL,2023-01-24,NA,NA
BETXIND,2023-01-24,NA,NA
BHARATWIRE,2023-01-24,NA,NA
BIGBLOC,2023-01-24,NA,NA
BLISSGVS,2023-01-24,NA,NA
CARTRADE,2023-01-24,NA,NA
CENTENKA,2023-01-24,NA,NA
CGPOWER,2023-01-24,NA,NA
CHALET,2023-01-24,NA,NA
COLPAL,2023-01-24,NA,NA
DUNCANENG,2023-01-24,NA,NA
ELECON,2023-01-24,NA,NA
GATEWAY,2023-01-24,NA,NA
GEOJITFSL,2023-01-24,NA,NA
GOLDENCREST,2023-01-24,NA,NA
GRANULES,2023-01-24,NA,NA
GRAVISSHO,2023-01-24,NA,NA
HARYNACAP,2023-01-24,NA,NA
HDFCAMC,2023-01-24,NA,NA
HOMEFIRST,2023-01-24,NA,NA
ICL,2023-01-24,NA,NA
INANI,2023-01-24,NA,NA
INDOCO,2023-01-24,NA,NA
INDUSTOWER,2023-01-24,NA,NA
IRONWOOD,2023-01-24,NA,NA
ISMTLTD,2023-01-24,NA,NA
KSCL,2023-01-24,NA,NA
LATENTVIEW,2023-01-24,NA,NA
LKPSEC,2023-01-24,NA,NA
LODHA,2023-01-24,NA,NA
LONTE,2023-01-24,NA,NA
LXCHEM,2023-01-24,NA,NA
MANRAJH,2023-01-24,NA,NA
MARUTI,2023-01-24,NA,NA
MORARKFI,2023-01-24,NA,NA
MOTILALOFS,2023-01-24,NA,NA
MRO-TEK,2023-01-24,NA,NA
NAZARA,2023-01-24,NA,NA
ODYSSEY,2023-01-24,NA,NA
PARACABLES,2023-01-24,NA,NA
PARAGMILK,2023-01-24,NA,NA
PDSL,2023-01-24,NA,NA
PGINVIT,2023-01-24,NA,NA
PIDILITIND,2023-01-24,NA,NA
PNBHOUSING,2023-01-24,NA,NA
PUNJABCHEM,2023-01-24,NA,NA
QUICKHEAL,2023-01-24,NA,NA
RADIOCITY,2023-01-24,NA,NA
RIDHISYN,2023-01-24,NA,NA
SASKEN,2023-01-24,NA,NA
SBICARD,2023-01-24,NA,NA
SDBL,2023-01-24,NA,NA
SHARDACROP,2023-01-24,NA,NA
SHREETULSI,2023-01-24,NA,NA
SKYLMILAR,2023-01-24,NA,NA
SNOWMAN,2023-01-24,NA,NA
SONACOMS,2023-01-24,NA,NA
SONATSOFTW,2023-01-24,NA,NA
SOUTHBANK,2023-01-24,NA,NA
STAR,2023-01-24,NA,NA
STARHFL,2023-01-24,NA,NA
STRGRENWO,2023-01-24,NA,NA
SUPREMEIND,2023-01-24,NA,NA
SURAJLTD,2023-01-24,NA,NA
TANAA,2023-01-24,NA,NA
TATACOFFEE,2023-01-24,NA,NA
TATVA,2023-01-24,NA,NA
TRIVENI,2023-01-24,NA,NA
TVSMOTOR,2023-01-24,NA,NA
UCOBANK,2023-01-24,NA,NA
UNITDSPR,2023-01-24,NA,NA
VAIBHAVGBL,2023-01-24,NA,NA
VIVANZA,2023-01-24,NA,NA
ZSATYASL,2023-01-24,NA,NA
20MICRONS,2023-01-25,NA,NA
AMARAJABAT,2023-01-25,NA,NA
AMERISE,2023-01-25,NA,NA
AMRAAGRI,2023-01-25,NA,NA
APCOTEXIND,2023-01-25,NA,NA
ARVIND,2023-01-25,NA,NA
ASAHIINDIA,2023-01-25,NA,NA
ASAL,2023-01-25,NA,NA
BAJAJ-AUTO,2023-01-25,NA,NA
BENARAS,2023-01-25,NA,NA
BESTAGRO,2023-01-25,NA,NA
BIKAJI,2023-01-25,NA,NA
BLUEDART,2023-01-25,NA,NA
BOMBPOT,2023-01-25,NA,NA
CEATLTD,2023-01-25,NA,NA
CHENNPETRO,2023-01-25,NA,NA
CIPLA,2023-01-25,NA,NA
CYBERTECH,2023-01-25,NA,NA
DIGISPICE,2023-01-25,NA,NA
DIXON,2023-01-25,NA,NA
DLF,2023-01-25,NA,NA
DRREDDY,2023-01-25,NA,NA
EMBASSY,2023-01-25,NA,NA
EMUDHRA,2023-01-25,NA,NA
EQUITAS,2023-01-25,NA,NA
GANGOTRI,2023-01-25,NA,NA
GLITTEKG,2023-01-25,NA,NA
GOCOLORS,2023-01-25,NA,NA
IGL,2023-01-25,NA,NA
INDAG,2023-01-25,NA,NA
INDIANB,2023-01-25,NA,NA
INDIGRID,2023-01-25,NA,NA
INFOBEAN,2023-01-25,NA,NA
JCHAC,2023-01-25,NA,NA
JINDALSAW,2023-01-25,NA,NA
JYOTHYLAB,2023-01-25,NA,NA
KECL,2023-01-25,NA,NA
KIRLPNU,2023-01-25,NA,NA
MOSCHIP,2023-01-25,NA,NA
MPSLTD,2023-01-25,NA,NA
OLECTRA,2023-01-25,NA,NA
PATANJALI,2023-01-25,NA,NA
PRESHAMET,2023-01-25,NA,NA
QUEST,2023-01-25,NA,NA
REPRO,2023-01-25,NA,NA
SACHEMT,2023-01-25,NA,NA
SGFIN,2023-01-25,NA,NA
SHANTIGEAR,2023-01-25,NA,NA
SHARPLINE,2023-01-25,NA,NA
SIRCA,2023-01-25,NA,NA
SOLARA,2023-01-25,NA,NA
SOLARINDS,2023-01-25,NA,NA
SOUTLAT,2023-01-25,NA,NA
SUBROS,2023-01-25,NA,NA
SUNCLAYLTD,2023-01-25,NA,NA
SWARAJENG,2023-01-25,NA,NA
SWASTIKA,2023-01-25,NA,NA
TATAELXSI,2023-01-25,NA,NA
TATAMOTORS,2023-01-25,NA,NA
TATAMTRDVR,2023-01-25,NA,NA
TATASTLLP,2023-01-25,NA,NA
TEAMLEASE,2023-01-25,NA,NA
TIRUMALCHM,2023-01-25,NA,NA
TORNTPHARM,2023-01-25,NA,NA
TRIVENIENT,2023-01-25,NA,NA
UGROCAP,2023-01-25,NA,NA
VARDHMAN,2023-01-25,NA,NA
VIKASLIFE,2023-01-25,NA,NA
VIPIND,2023-01-25,NA,NA
VSTIND,2023-01-25,NA,NA
VTL,2023-01-25,NA,NA
ZPARICIN,2023-01-25,NA,NA
ZWELCAST,2023-01-25,NA,NA
AARTIDRUGS,2023-01-27,NA,NA
ABSLAMC,2023-01-27,NA,NA
ABVL,2023-01-27,NA,NA
AGI,2023-01-27,NA,NA
AIAENG,2023-01-27,NA,NA
ANJANIFIN,2023-01-27,NA,NA
ANURAS,2023-01-27,NA,NA
ASHSI,2023-01-27,NA,NA
BAJFINANCE,2023-01-27,NA,NA
BHARAT,2023-01-27,NA,NA
BLSINFOTE,2023-01-27,NA,NA
CHEMIESYNT,2023-01-27,NA,NA
CMSINFO,2023-01-27,NA,NA
COCHMAL,2023-01-27,NA,NA
COMPUPN,2023-01-27,NA,NA
DENORA,2023-01-27,NA,NA
EY,2023-01-27,NA,NA
FCL,2023-01-27,NA,NA
FREDUN,2023-01-27,NA,NA
FRONTFN,2023-01-27,NA,NA
GALXBRG,2023-01-27,NA,NA
GLS,2023-01-27,NA,NA
GODFRYPHLP,2023-01-27,NA,NA
GUJINTRX,2023-01-27,NA,NA
HIL,2023-01-27,NA,NA
ICSL,2023-01-27,NA,NA
KARANWO,2023-01-27,NA,NA
KRISHNACAP,2023-01-27,NA,NA
KSL,2023-01-27,NA,NA
LIBORD,2023-01-27,NA,NA
LUCENT,2023-01-27,NA,NA
MANORG,2023-01-27,NA,NA
MARUTISE,2023-01-27,NA,NA
MMRUBBR-B,2023-01-27,NA,NA
NDRAUTO,2023-01-27,NA,NA
NEIL,2023-01-27,NA,NA
OXFORDIN,2023-01-27,NA,NA
PAUSHAKLTD,2023-01-27,NA,NA
PONNIERODE,2023-01-27,NA,NA
PREMIERPOL,2023-01-27,NA,NA
RAMCOIND,2023-01-27,NA,NA
REGENCY,2023-01-27,NA,NA
REGIS,2023-01-27,NA,NA
RESPONIND,2023-01-27,NA,NA
RICHIRICH,2023-01-27,NA,NA
SBL,2023-01-27,NA,NA
SHREDIGCEM,2023-01-27,NA,NA
SPACEINCUBA,2023-01-27,NA,NA
STELLANT,2023-01-27,NA,NA
STLTECH,2023-01-27,NA,NA
SYBLY,2023-01-27,NA,NA
TAJGVK,2023-01-27,NA,NA
TRIVENIGQ,2023-01-27,NA,NA
ULTRACAB,2023-01-27,NA,NA
VEDL,2023-01-27,NA,NA
VIMTALABS,2023-01-27,NA,NA
VINYOFL,2023-01-27,NA,NA
WALCHPF,2023-01-27,NA,NA
YAARI,2023-01-27,NA,NA
YASHMGM,2023-01-27,NA,NA
ZENIFIB,2023-01-27,NA,NA
ZENOTECH,2023-01-27,NA,NA
ZODJRDMKJ,2023-01-27,NA,NA
AXITA,2023-01-28,NA,NA
BEL,2023-01-28,NA,NA
BHAGCHEM,2023-01-28,NA,NA
CARERATING,2023-01-28,NA,NA
CCCL,2023-01-28,NA,NA
CGCL,2023-01-28,NA,NA
COLINZ,2023-01-28,NA,NA
DATAPATTNS,2023-01-28,NA,NA
FIBERWEB,2023-01-28,NA,NA
FIVESTAR,2023-01-28,NA,NA
GAEL,2023-01-28,NA,NA
GENUSPRIME,2023-01-28,NA,NA
HERANBA,2023-01-28,NA,NA
HIGHENE,2023-01-28,NA,NA
HITECH,2023-01-28,NA,NA
KAJARIACER,2023-01-28,NA,NA
LGBBROSLTD,2023-01-28,NA,NA
MAYURFL,2023-01-28,NA,NA
MENNPIS,2023-01-28,NA,NA
NTPC,2023-01-28,NA,NA
OSWAYRN,2023-01-28,NA,NA
POLYMED,2023-01-28,NA,NA
RAHME,2023-01-28,NA,NA
SAMBHAAV,2023-01-28,NA,NA
SARLAPOLY,2023-01-28,NA,NA
SBGLP,2023-01-28,NA,NA
SESHAPAPER,2023-01-28,NA,NA
SIYSIL,2023-01-28,NA,NA
SUNRINV,2023-01-28,NA,NA
TRADEWELL,2023-01-28,NA,NA
VINTAGES,2023-01-28,NA,NA
YASHPAKKA,2023-01-28,NA,NA
ABIRAFN,2023-01-30,NA,NA
ACROW,2023-01-30,NA,NA
ADFFOODS,2023-01-30,NA,NA
AEL,2023-01-30,NA,NA
AJMERA,2023-01-30,NA,NA
ALFAICA,2023-01-30,NA,NA
ALUFLUOR,2023-01-30,NA,NA
AQFINTECH,2023-01-30,NA,NA
ARAVALIS,2023-01-30,NA,NA
ARCFIN,2023-01-30,NA,NA
ARFIN,2023-01-30,NA,NA
ASRL,2023-01-30,NA,NA
ASTAR,2023-01-30,NA,NA
ASTEC,2023-01-30,NA,NA
BAJAJFINSV,2023-01-30,NA,NA
BAJAJHLDNG,2023-01-30,NA,NA
BASANTGL,2023-01-30,NA,NA
BPCL,2023-01-30,NA,NA
CIL,2023-01-30,NA,NA
CLEDUCATE,2023-01-30,NA,NA
CSBBANK,2023-01-30,NA,NA
CSLFINANCE,2023-01-30,NA,NA
CUPID,2023-01-30,NA,NA
DAAWAT,2023-01-30,NA,NA
DHAMPURSUG,2023-01-30,NA,NA
DHANCOT,2023-01-30,NA,NA
DWARKESH,2023-01-30,NA,NA
ELIXIR,2023-01-30,NA,NA
EMKAY,2023-01-30,NA,NA
EXIDEIND,2023-01-30,NA,NA
FILME,2023-01-30,NA,NA
GAIL,2023-01-30,NA,NA
GREENPANEL,2023-01-30,NA,NA
GREENPOWER,2023-01-30,NA,NA
HAZOOR,2023-01-30,NA,NA
HINDHARD,2023-01-30,NA,NA
HINFLUR,2023-01-30,NA,NA
IFBIND,2023-01-30,NA,NA
IIFL,2023-01-30,NA,NA
IMFA,2023-01-30,NA,NA
INCAP,2023-01-30,NA,NA
INDERGR,2023-01-30,NA,NA
INOXLEISUR,2023-01-30,NA,NA
JFL,2023-01-30,NA,NA
JLMORI,2023-01-30,NA,NA
JUPITERIN,2023-01-30,NA,NA
KAMOPAINTS,2023-01-30,NA,NA
KEMP,2023-01-30,NA,NA
KOHINOOR,2023-01-30,NA,NA
KPEL,2023-01-30,NA,NA
KUNSTOFF,2023-01-30,NA,NA
LAURUSLABS,2023-01-30,NA,NA
LOYAL,2023-01-30,NA,NA
LT,2023-01-30,NA,NA
LYKISLTD,2023-01-30,NA,NA
MANGCHEFER,2023-01-30,NA,NA
MAZDOCK,2023-01-30,NA,NA
MIDINDIA,2023-01-30,NA,NA
MOLDTEK,2023-01-30,NA,NA
MRPL,2023-01-30,NA,NA
NAM-INDIA,2023-01-30,NA,NA
NLFL,2023-01-30,NA,NA
OMEGAIN,2023-01-30,NA,NA
ORIENTELEC,2023-01-30,NA,NA
PASARI,2023-01-30,NA,NA
PHOTON,2023-01-30,NA,NA
PNB,2023-01-30,NA,NA
PONDYOXIDE,2023-01-30,NA,NA
PRITIKAUTO,2023-01-30,NA,NA
QGO,2023-01-30,NA,NA
RADHIKAJWE,2023-01-30,NA,NA
RAMAVISION,2023-01-30,NA,NA
RECLTD,2023-01-30,NA,NA
RISHILASE,2023-01-30,NA,NA
RRIL,2023-01-30,NA,NA
RTFL,2023-01-30,NA,NA
SAINTGOBAIN,2023-01-30,NA,NA
SERIND,2023-01-30,NA,NA
SHABCHM,2023-01-30,NA,NA
SHAMROIN,2023-01-30,NA,NA
SHILCTECH,2023-01-30,NA,NA
SHRDAIS,2023-01-30,NA,NA
SIGACHI,2023-01-30,NA,NA
SIMPLXREA,2023-01-30,NA,NA
SOTL,2023-01-30,NA,NA
SPSL,2023-01-30,NA,NA
SRDAPRT,2023-01-30,NA,NA
SRECR,2023-01-30,NA,NA
SRF,2023-01-30,NA,NA
SSWL,2023-01-30,NA,NA
STL,2023-01-30,NA,NA
SVGLOBAL,2023-01-30,NA,NA
SWRNASE,2023-01-30,NA,NA
SYMBIOX,2023-01-30,NA,NA
TCI,2023-01-30,NA,NA
TECHM,2023-01-30,NA,NA
TRIDENT,2023-01-30,NA,NA
TTIENT,2023-01-30,NA,NA
TUTIALKA,2023-01-30,NA,NA
VASCONEQ,2023-01-30,NA,NA
VENMAX,2023-01-30,NA,NA
VENUSREM,2023-01-30,NA,NA
VIKASECO,2023-01-30,NA,NA
VRLLOG,2023-01-30,NA,NA
VSSL,2023-01-30,NA,NA
WELSPLSOL,2023-01-30,NA,NA
WELSPUNIND,2023-01-30,NA,NA
YARNSYN,2023-01-30,NA,NA
ZPPOLYSA,2023-01-30,NA,NA
ZSWASTSA,2023-01-30,NA,NA
ACC,2023-01-31,NA,NA
ACTIVE,2023-01-31,NA,NA
AJCON,2023-01-31,NA,NA
AJEL,2023-01-31,NA,NA
AMBARPIL,2023-01-31,NA,NA
AMCOIND,2023-01-31,NA,NA
ANDHRAPAP,2023-01-31,NA,NA
APARINDS,2023-01-31,NA,NA
ARIHCAPM,2023-01-31,NA,NA
AUTOAXLES,2023-01-31,NA,NA
AYOME,2023-01-31,NA,NA
BAMPSL,2023-01-31,NA,NA
BASF,2023-01-31,NA,NA
BINANIIND,2023-01-31,NA,NA
BLUESTARCO,2023-01-31,NA,NA
BNRUDY,2023-01-31,NA,NA
CARBORUNIV,2023-01-31,NA,NA
CENTURYTEX,2023-01-31,NA,NA
CHEMOPH,2023-01-31,NA,NA
CHOLAFIN,2023-01-31,NA,NA
CIGNITI,2023-01-31,NA,NA
CINEVISTA,2023-01-31,NA,NA
COALINDIA,2023-01-31,NA,NA
COCKERILL,2023-01-31,NA,NA
COLORCHIPS,2023-01-31,NA,NA
CONTILI,2023-01-31,NA,NA
CUBEXTUB,2023-01-31,NA,NA
DHANBANK,2023-01-31,NA,NA
DHANFAB,2023-01-31,NA,NA
EDELWEISS,2023-01-31,NA,NA
GANDHITUBE,2023-01-31,NA,NA
GENESIS,2023-01-31,NA,NA
GESHIP,2023-01-31,NA,NA
GHCL,2023-01-31,NA,NA
GNA,2023-01-31,NA,NA
GODREJCP,2023-01-31,NA,NA
GOVNOW,2023-01-31,NA,NA
GPTINFRA,2023-01-31,NA,NA
GUJTERC,2023-01-31,NA,NA
HESTERBIO,2023-01-31,NA,NA
HINDBIO,2023-01-31,NA,NA
HOCL,2023-01-31,NA,NA
IFBAGRO,2023-01-31,NA,NA
IGLFXPL-B,2023-01-31,NA,NA
INDHOTEL,2023-01-31,NA,NA
INDICAP,2023-01-31,NA,NA
INDLMETER,2023-01-31,NA,NA
INLCM,2023-01-31,NA,NA
INTSTOIL,2023-01-31,NA,NA
IOC,2023-01-31,NA,NA
ISHWATR,2023-01-31,NA,NA
JINDALSTEL,2023-01-31,NA,NA
JSWHL,2023-01-31,NA,NA
JUBLINGREA,2023-01-31,NA,NA
KAYNES,2023-01-31,NA,NA
KEC,2023-01-31,NA,NA
KOKUYOCMLN,2023-01-31,NA,NA
KPIGREEN,2023-01-31,NA,NA
KPITTECH,2023-01-31,NA,NA
KZLFIN,2023-01-31,NA,NA
LEHAR,2023-01-31,NA,NA
LOTUSCHO,2023-01-31,NA,NA
MAGNAELQ,2023-01-31,NA,NA
MAHANIN,2023-01-31,NA,NA
MAHEPC,2023-01-31,NA,NA
MAPMYINDIA,2023-01-31,NA,NA
MFSL,2023-01-31,NA,NA
MOIL,2023-01-31,NA,NA
NACLIND,2023-01-31,NA,NA
NEOINFRA,2023-01-31,NA,NA
NIITLTD,2023-01-31,NA,NA
NIKKIGL,2023-01-31,NA,NA
NXTDIGITAL,2023-01-31,NA,NA
ORIENTBELL,2023-01-31,NA,NA
ORIENTCEM,2023-01-31,NA,NA
OSWALOR,2023-01-31,NA,NA
PARADEEP,2023-01-31,NA,NA
PCBL,2023-01-31,NA,NA
PERMAGN,2023-01-31,NA,NA
PERVASIVE,2023-01-31,NA,NA
PGHH,2023-01-31,NA,NA
POWERGRID,2023-01-31,NA,NA
PRIMESECU,2023-01-31,NA,NA
QUINT,2023-01-31,NA,NA
RACCL,2023-01-31,NA,NA
RADHEDE,2023-01-31,NA,NA
RAILTEL,2023-01-31,NA,NA
RAJPALAYAM,2023-01-31,NA,NA
SAGARPROD,2023-01-31,NA,NA
SAMSRITA,2023-01-31,NA,NA
SCANSTL,2023-01-31,NA,NA
SECURCRED,2023-01-31,NA,NA
SECURKLOUD,2023-01-31,NA,NA
SHALPRO,2023-01-31,NA,NA
SHRIRAMFIN,2023-01-31,NA,NA
SMCGLOBAL,2023-01-31,NA,NA
SOMAPPR,2023-01-31,NA,NA
SOUTHMG,2023-01-31,NA,NA
SPACEINCUBA,2023-01-31,NA,NA
SPANDANA,2023-01-31,NA,NA
STARHEALTH,2023-01-31,NA,NA
SUNPHARMA,2023-01-31,NA,NA
SUNTECK,2023-01-31,NA,NA
SURAJ,2023-01-31,NA,NA
SWISSMLTRY,2023-01-31,NA,NA
SYNTHFO,2023-01-31,NA,NA
TAINWALCHM,2023-01-31,NA,NA
TCIEXP*,2023-01-31,NA,NA
TEEAI,2023-01-31,NA,NA
TEGA,2023-01-31,NA,NA
TTKPRESTIG,2023-01-31,NA,NA
TVVISION,2023-01-31,NA,NA
UDAICEMENT,2023-01-31,NA,NA
UPL,2023-01-31,NA,NA
UYFINCORP,2023-01-31,NA,NA
VALIANTORG,2023-01-31,NA,NA
VENUSPIPES,2023-01-31,NA,NA
WELENT,2023-01-31,NA,NA
WESTLIFE,2023-01-31,NA,NA
AJANTPHARM,2023-02-01,NA,NA
AMARJOTHI,2023-02-01,NA,NA
APLLTD,2023-02-01,NA,NA
AROGRANITE,2023-02-01,NA,NA
ARTEMISMED,2023-02-01,NA,NA
ASHOKLEY,2023-02-01,NA,NA
BANDARAM,2023-02-01,NA,NA
BHAGIL,2023-02-01,NA,NA
BIJHANS,2023-02-01,NA,NA
BRITANNIA,2023-02-01,NA,NA
CAMEXLTD,2023-02-01,NA,NA
CFEL,2023-02-01,NA,NA
CITL,2023-02-01,NA,NA
ENIL,2023-02-01,NA,NA
GFLLIMITED,2023-02-01,NA,NA
GILLETTE,2023-02-01,NA,NA
GUJCOTEX,2023-02-01,NA,NA
HARIGOV,2023-02-01,NA,NA
HGIND,2023-02-01,NA,NA
HINDCOPPER,2023-02-01,NA,NA
HYBRIDFIN,2023-02-01,NA,NA
IDFC,2023-02-01,NA,NA
INDCEMCAP,2023-02-01,NA,NA
INTEGRAEN,2023-02-01,NA,NA
JAYATMA,2023-02-01,NA,NA
JINDCAP,2023-02-01,NA,NA
JUBLFOOD,2023-02-01,NA,NA
KAYA,2023-02-01,NA,NA
KRIFILIND,2023-02-01,NA,NA
LAXMIMACH,2023-02-01,NA,NA
MAHLOG,2023-02-01,NA,NA
MASFIN,2023-02-01,NA,NA
MEDINOV,2023-02-01,NA,NA
MERCTRD,2023-02-01,NA,NA
MUDUNURU,2023-02-01,NA,NA
NELCAST,2023-02-01,NA,NA
OASISEC,2023-02-01,NA,NA
OISL,2023-02-01,NA,NA
PHCAP,2023-02-01,NA,NA
PRSMJOHNSN,2023-02-01,NA,NA
RAMCOSYS,2023-02-01,NA,NA
RAYMOND,2023-02-01,NA,NA
RDBRIL,2023-02-01,NA,NA
RDBRL,2023-02-01,NA,NA
REDINGTON,2023-02-01,NA,NA
RELTD,2023-02-01,NA,NA
RICHUNV,2023-02-01,NA,NA
RPGLIFE,2023-02-01,NA,NA
RSSOFTWARE,2023-02-01,NA,NA
SADHNA,2023-02-01,NA,NA
SANTETX,2023-02-01,NA,NA
STERTOOLS,2023-02-01,NA,NA
SUCROSA,2023-02-01,NA,NA
SUMMITSEC,2023-02-01,NA,NA
SUNDRMFAST,2023-02-01,NA,NA
SURANASOL,2023-02-01,NA,NA
TATACHEM,2023-02-01,NA,NA
TIHIL,2023-02-01,NA,NA
TILAK,2023-02-01,NA,NA
TIMKEN,2023-02-01,NA,NA
UTIAMC,2023-02-01,NA,NA
WHIRLPOOL,2023-02-01,NA,NA
WORL,2023-02-01,NA,NA
YOGI,2023-02-01,NA,NA
ZFCVINDIA,2023-02-01,NA,NA
ZUARI,2023-02-01,NA,NA
3IINFOTECH,2023-02-02,NA,NA
AAVAS,2023-02-02,NA,NA
ABCAPITAL,2023-02-02,NA,NA
ABHIFIN,2023-02-02,NA,NA
ADMANUM,2023-02-02,NA,NA
ADORFO,2023-02-02,NA,NA
AEGISLOG,2023-02-02,NA,NA
AMBITION,2023-02-02,NA,NA
AMS,2023-02-02,NA,NA
APLAPOLLO,2023-02-02,NA,NA
APOLLOTYRE,2023-02-02,NA,NA
APTUS,2023-02-02,NA,NA
ASIANTILES,2023-02-02,NA,NA
BAJAJELEC,2023-02-02,NA,NA
BERGEPAINT,2023-02-02,NA,NA
BIOGEN,2023-02-02,NA,NA
BSOFT,2023-02-02,NA,NA
CERA,2023-02-02,NA,NA
CHANDNIMACH,2023-02-02,NA,NA
CHENFERRO,2023-02-02,NA,NA
CHOKSI,2023-02-02,NA,NA
CLEAN,2023-02-02,NA,NA
COROMANDEL,2023-02-02,NA,NA
CROMPTON,2023-02-02,NA,NA
CSL,2023-02-02,NA,NA
DABUR,2023-02-02,NA,NA
DANUBE,2023-02-02,NA,NA
DBCORP,2023-02-02,NA,NA
DEEPAKFERT,2023-02-02,NA,NA
DHINDIA,2023-02-02,NA,NA
ECLERX,2023-02-02,NA,NA
ESCORTSFIN,2023-02-02,NA,NA
FAZE3Q,2023-02-02,NA,NA
FERVENTSYN,2023-02-02,NA,NA
FINELINE,2023-02-02,NA,NA
FINOPB,2023-02-02,NA,NA
FORBESCO,2023-02-02,NA,NA
FSL,2023-02-02,NA,NA
GICHSGFIN,2023-02-02,NA,NA
GITARENEW,2023-02-02,NA,NA
GMM,2023-02-02,NA,NA
GODREJPROP,2023-02-02,NA,NA
GOODRICKE,2023-02-02,NA,NA
GRANDFONRY,2023-02-02,NA,NA
GRNLAMIND,2023-02-02,NA,NA
GUJARATPOLY,2023-02-02,NA,NA
GULFOILLUB,2023-02-02,NA,NA
GYANDEV,2023-02-02,NA,NA
HAWKINCOOK,2023-02-02,NA,NA
HCC,2023-02-02,NA,NA
HDFC,2023-02-02,NA,NA
HEALINV,2023-02-02,NA,NA
HIKAL,2023-02-02,NA,NA
HIRECT,2023-02-02,NA,NA
HVL,2023-02-02,NA,NA
IGPL,2023-02-02,NA,NA
INTERDIGI,2023-02-02,NA,NA
INTLCOMBQ,2023-02-02,NA,NA
JAGRAN,2023-02-02,NA,NA
JOHNPHARMA,2023-02-02,NA,NA
JTLIND,2023-02-02,NA,NA
JUBLINDS,2023-02-02,NA,NA
KAMDHENU,2023-02-02,NA,NA
KEL,2023-02-02,NA,NA
KLBRENG-B,2023-02-02,NA,NA
KRATOSENER,2023-02-02,NA,NA
KTKBANK,2023-02-02,NA,NA
LALPATHLAB,2023-02-02,NA,NA
LLOYDSTEEL,2023-02-02,NA,NA
MAANALU,2023-02-02,NA,NA
MAHLIFE,2023-02-02,NA,NA
MANINFRA,2023-02-02,NA,NA
MARALOVER,2023-02-02,NA,NA
MAXHEALTH,2023-02-02,NA,NA
MAXINDIA,2023-02-02,NA,NA
MEDIAONE,2023-02-02,NA,NA
MGL,2023-02-02,NA,NA
MHRIL,2023-02-02,NA,NA
MONGIPA,2023-02-02,NA,NA
NITINSPIN,2023-02-02,NA,NA
PADAMCO,2023-02-02,NA,NA
PARMSILK,2023-02-02,NA,NA
PASUPTAC,2023-02-02,NA,NA
PEOPLIN,2023-02-02,NA,NA
PRIVISCL,2023-02-02,NA,NA
PTL,2023-02-02,NA,NA
RAGHUNAT,2023-02-02,NA,NA
RAGHUTOB,2023-02-02,NA,NA
RCCEMEN,2023-02-02,NA,NA
REFEX,2023-02-02,NA,NA
RELHOME,2023-02-02,NA,NA
RESONANCE,2023-02-02,NA,NA
RITESHIN,2023-02-02,NA,NA
SAKSOFT,2023-02-02,NA,NA
SEIL,2023-02-02,NA,NA
SERA,2023-02-02,NA,NA
SFL,2023-02-02,NA,NA
SHK,2023-02-02,NA,NA
SIS,2023-02-02,NA,NA
SITINET,2023-02-02,NA,NA
SIZEMASTER,2023-02-02,NA,NA
SMPLXTR,2023-02-02,NA,NA
SOLIDSTON,2023-02-02,NA,NA
SSWRL,2023-02-02,NA,NA
STARTECK,2023-02-02,NA,NA
STCORP,2023-02-02,NA,NA
STOVEKRAFT,2023-02-02,NA,NA
SUMERUIND,2023-02-02,NA,NA
SUNILAGR,2023-02-02,NA,NA
SURBHIN,2023-02-02,NA,NA
SUVEN,2023-02-02,NA,NA
SW1,2023-02-02,NA,NA
TATACONSUM,2023-02-02,NA,NA
THIRDFIN,2023-02-02,NA,NA
THOMASCOOK,2023-02-02,NA,NA
TIMEX,2023-02-02,NA,NA
TITAN,2023-02-02,NA,NA
UJJIVANSFB,2023-02-02,NA,NA
UNIJOLL,2023-02-02,NA,NA
VALIANT,2023-02-02,NA,NA
VBDESAI,2023-02-02,NA,NA
VGUARD,2023-02-02,NA,NA
VISCO,2023-02-02,NA,NA
WELCORP,2023-02-02,NA,NA
ZNIVITRD,2023-02-02,NA,NA
ZPRBHSTE,2023-02-02,NA,NA
ZYDUSWELL,2023-02-02,NA,NA
7TEC,2023-02-03,NA,NA
AARTIIND,2023-02-03,NA,NA
AASTAFIN,2023-02-03,NA,NA
ABAN,2023-02-03,NA,NA
ABMKNO,2023-02-03,NA,NA
ADCINDIA,2023-02-03,NA,NA
ADORMUL,2023-02-03,NA,NA
ADORWELD,2023-02-03,NA,NA
ADVIKLA,2023-02-03,NA,NA
AIML,2023-02-03,NA,NA
ALPHA,2023-02-03,NA,NA
ALPSINDUS,2023-02-03,NA,NA
ASHIMASYN,2023-02-03,NA,NA
BANKBARODA,2023-02-03,NA,NA
BCG,2023-02-03,NA,NA
BCONCEPTS,2023-02-03,NA,NA
BEMHY,2023-02-03,NA,NA
BOROLTD,2023-02-03,NA,NA
BRPL,2023-02-03,NA,NA
CHEMCON,2023-02-03,NA,NA
CHOWGULSTM,2023-02-03,NA,NA
CLASELE,2023-02-03,NA,NA
CLNINDIA,2023-02-03,NA,NA
COMFINCAP,2023-02-03,NA,NA
DALMIASUG,2023-02-03,NA,NA
DELTAMAGNT,2023-02-03,NA,NA
DEVIT,2023-02-03,NA,NA
DHANUKA,2023-02-03,NA,NA
DIAMONDYD,2023-02-03,NA,NA
DIVISLAB,2023-02-03,NA,NA
EASUN,2023-02-03,NA,NA
ECS,2023-02-03,NA,NA
ELGIEQUIP,2023-02-03,NA,NA
EMAMILTD,2023-02-03,NA,NA
ENGINERSIN,2023-02-03,NA,NA
ETHOSLTD,2023-02-03,NA,NA
FOODSIN,2023-02-03,NA,NA
GABRIEL,2023-02-03,NA,NA
GEECEE,2023-02-03,NA,NA
GENUSPOWER,2023-02-03,NA,NA
GRANDMA,2023-02-03,NA,NA
GUJTHEM,2023-02-03,NA,NA
HEMANG,2023-02-03,NA,NA
HINDAPL,2023-02-03,NA,NA
HRMNYCP,2023-02-03,NA,NA
INDIACEM,2023-02-03,NA,NA
INDIGO,2023-02-03,NA,NA
INTELLECT,2023-02-03,NA,NA
IONEXCHANG,2023-02-03,NA,NA
ITC,2023-02-03,NA,NA
JAMNAAUTO,2023-02-03,NA,NA
JKTYRE,2023-02-03,NA,NA
JUBLPHARMA,2023-02-03,NA,NA
KAIRA,2023-02-03,NA,NA
KANSAINER,2023-02-03,NA,NA
KELENRG,2023-02-03,NA,NA
KJMCFIN,2023-02-03,NA,NA
KRBL,2023-02-03,NA,NA
KREBSBIO,2023-02-03,NA,NA
KRITIIND,2023-02-03,NA,NA
KRITINUT,2023-02-03,NA,NA
LAKSELEC,2023-02-03,NA,NA
LAKSHMIMIL,2023-02-03,NA,NA
LIBORDFIN,2023-02-03,NA,NA
LINC,2023-02-03,NA,NA
M&MFIN,2023-02-03,NA,NA
MANAPPURAM,2023-02-03,NA,NA
MARICO,2023-02-03,NA,NA
MASTERTR,2023-02-03,NA,NA
MAXVIL,2023-02-03,NA,NA
MAYURUNIQ,2023-02-03,NA,NA
MEDPLUS,2023-02-03,NA,NA
MLKFOOD,2023-02-03,NA,NA
MODULEX,2023-02-03,NA,NA
MUDRA,2023-02-03,NA,NA
NAVA,2023-02-03,NA,NA
NBFOOT,2023-02-03,NA,NA
NKIND,2023-02-03,NA,NA
NOL,2023-02-03,NA,NA
NURECA,2023-02-03,NA,NA
NUTRICIRCLE,2023-02-03,NA,NA
ORACLECR,2023-02-03,NA,NA
ORIENTABRA,2023-02-03,NA,NA
ORIENTPPR,2023-02-03,NA,NA
PANKAJPO,2023-02-03,NA,NA
PAYTM*,2023-02-03,NA,NA
PFS,2023-02-03,NA,NA
PRADPME,2023-02-03,NA,NA
PRAJIND,2023-02-03,NA,NA
PRIMIND,2023-02-03,NA,NA
PRSNTIN,2023-02-03,NA,NA
PTIL,2023-02-03,NA,NA
QUESS,2023-02-03,NA,NA
RVHL,2023-02-03,NA,NA
SAVFI,2023-02-03,NA,NA
SBC,2023-02-03,NA,NA
SBIN,2023-02-03,NA,NA
SCFL,2023-02-03,NA,NA
SCI,2023-02-03,NA,NA
SEVENHILL,2023-02-03,NA,NA
SHIKHARLETR,2023-02-03,NA,NA
SHRAJSYNQ,2023-02-03,NA,NA
SINTEX,2023-02-03,NA,NA
SIPTL,2023-02-03,NA,NA
SPYL,2023-02-03,NA,NA
STARCEMENT,2023-02-03,NA,NA
SUBEX,2023-02-03,NA,NA
SUMICHEM,2023-02-03,NA,NA
SUNSHIEL,2023-02-03,NA,NA
SUNTV,2023-02-03,NA,NA
SUPER,2023-02-03,NA,NA
SUTLEJTEX,2023-02-03,NA,NA
SWORDEDGE,2023-02-03,NA,NA
TAAZAINT,2023-02-03,NA,NA
TATAPOWER,2023-02-03,NA,NA
THEMISMED,2023-02-03,NA,NA
THYROCARE,2023-02-03,NA,NA
TIINDIA,2023-02-03,NA,NA
TINNARUBR,2023-02-03,NA,NA
TVTODAY,2023-02-03,NA,NA
UNICK,2023-02-03,NA,NA
VAKRANGEE,2023-02-03,NA,NA
VANDANA,2023-02-03,NA,NA
VINCOFE,2023-02-03,NA,NA
VSL,2023-02-03,NA,NA
WAGEND,2023-02-03,NA,NA
WEWIN,2023-02-03,NA,NA
WWALUM,2023-02-03,NA,NA
ZIMLAB,2023-02-03,NA,NA
ZYDUSLIFE,2023-02-03,NA,NA
63MOONS,2023-02-04,NA,NA
AAATECH,2023-02-04,NA,NA
AFFLE,2023-02-04,NA,NA
ANDHRAPET,2023-02-04,NA,NA
APEX,2023-02-04,NA,NA
ARCHIES,2023-02-04,NA,NA
ASIIL,2023-02-04,NA,NA
ASL,2023-02-04,NA,NA
AYMSYNTEX,2023-02-04,NA,NA
BIRLACORPN,2023-02-04,NA,NA
BSELINFRA,2023-02-04,NA,NA
BWLLTD,2023-02-04,NA,NA
CHAMANSEQ,2023-02-04,NA,NA
CONFIPET,2023-02-04,NA,NA
CONTCHM,2023-02-04,NA,NA
COVENTRY,2023-02-04,NA,NA
CREST,2023-02-04,NA,NA
DALBHARAT,2023-02-04,NA,NA
DHUNTEAIND,2023-02-04,NA,NA
DLINKINDIA,2023-02-04,NA,NA
EMMESSA,2023-02-04,NA,NA
EUROTEXIND,2023-02-04,NA,NA
FILATEX,2023-02-04,NA,NA
FINOLEXIND,2023-02-04,NA,NA
GLOSTERLTD,2023-02-04,NA,NA
HINDUST,2023-02-04,NA,NA
IFGLEXPOR,2023-02-04,NA,NA
IPL,2023-02-04,NA,NA
JK AGRI,2023-02-04,NA,NA
JTAPARIA,2023-02-04,NA,NA
KAYCEEI,2023-02-04,NA,NA
KIRANVYPAR,2023-02-04,NA,NA
KJMCCORP,2023-02-04,NA,NA
LOHIASEC,2023-02-04,NA,NA
MCX,2023-02-04,NA,NA
NAVKARCORP,2023-02-04,NA,NA
ONEGLOBAL,2023-02-04,NA,NA
PDMJEPAPER,2023-02-04,NA,NA
PGEL,2023-02-04,NA,NA
PPAP,2023-02-04,NA,NA
RELAXO,2023-02-04,NA,NA
ROSSARI,2023-02-04,NA,NA
RUBFILA,2023-02-04,NA,NA
SAHARA,2023-02-04,NA,NA
SAHYADRI,2023-02-04,NA,NA
SCL,2023-02-04,NA,NA
SHESHAINDS,2023-02-04,NA,NA
SHKARTP,2023-02-04,NA,NA
STERPOW,2023-02-04,NA,NA
TITANBIO,2023-02-04,NA,NA
TITANSEC,2023-02-04,NA,NA
TRANSCHEM,2023-02-04,NA,NA
VLSFINANCE*,2023-02-04,NA,NA
VOLTAMP,2023-02-04,NA,NA
YAANENT,2023-02-04,NA,NA
JKCEMENT,2023-02-05,NA,NA
PGHL,2023-02-05,NA,NA
ACE,2023-02-06,NA ,NA
ADANITRANS,2023-02-06,NA ,NA
AGSTRA,2023-02-06,NA ,NA
APMIN,2023-02-06,NA ,NA
ARISINT,2023-02-06,NA ,NA
ARL,2023-02-06,NA ,NA
AVADHSUGAR,2023-02-06,NA ,NA
AVI,2023-02-06,NA ,NA
AXTEL,2023-02-06,NA ,NA
BALAMINES,2023-02-06,NA ,NA
BALPHARMA,2023-02-06,NA ,NA
BANASFN,2023-02-06,NA ,NA
BEARDSELL,2023-02-06,NA ,NA
BGJL,2023-02-06,NA ,NA
BHILSPIN,2023-02-06,NA ,NA
BITS,2023-02-06,NA ,NA
BLS,2023-02-06,NA ,NA
BRIDGESE,2023-02-06,NA ,NA
CHARMS,2023-02-06,NA ,NA
CITYMAN,2023-02-06,NA ,NA
CORNE,2023-02-06,NA ,NA
COROENGG,2023-02-06,NA ,NA
CRANEINFRA,2023-02-06,NA ,NA
CRANEX,2023-02-06,NA ,NA
DAL,2023-02-06,NA ,NA
DEEPIND,2023-02-06,NA ,NA
DFL,2023-02-06,NA ,NA
DIGJAMLTD,2023-02-06,NA ,NA
EASEMYTRIP,2023-02-06,NA ,NA
ELANGO,2023-02-06,NA ,NA
FAIRCHEMOR,2023-02-06,NA ,NA
FGP,2023-02-06,NA ,NA
GARGI,2023-02-06,NA ,NA
GGDANDE,2023-02-06,NA ,NA
GROVY,2023-02-06,NA ,NA
GUJCMDS,2023-02-06,NA ,NA
GUJCONT,2023-02-06,NA ,NA
HEMORGANIC,2023-02-06,NA ,NA
HLVLTD,2023-02-06,NA ,NA
HONDAPOWER,2023-02-06,NA ,NA
HOTLSILV,2023-02-06,NA ,NA
HUHTAMAKI,2023-02-06,NA ,NA
ICIL,2023-02-06,NA ,NA
INDOCRED,2023-02-06,NA ,NA
INFIBEAM,2023-02-06,NA ,NA
INTEGFD,2023-02-06,NA ,NA
INVPRECQ,2023-02-06,NA ,NA
JETFREIGHT,2023-02-06,NA ,NA
JKPAPER,2023-02-06,NA ,NA
KANSHST,2023-02-06,NA ,NA
KARTKIN,2023-02-06,NA ,NA
KOCL,2023-02-06,NA ,NA
KOHINOOR,2023-02-06,NA ,NA
KOLTEPATIL,2023-02-06,NA ,NA
KORE,2023-02-06,NA ,NA
KPRMILL,2023-02-06,NA ,NA
LICHSGFIN,2023-02-06,NA ,NA
LORDSHOTL,2023-02-06,NA ,NA
MARIS,2023-02-06,NA ,NA
MEGFI,2023-02-06,NA ,NA
MNKALCOLTD,2023-02-06,NA ,NA
MODCL,2023-02-06,NA ,NA
MOLDTKPAC,2023-02-06,NA ,NA
MONTECARLO,2023-02-06,NA ,NA
MTEDUCARE,2023-02-06,NA ,NA
MUTHOOTFIN,2023-02-06,NA ,NA
NUVOCO,2023-02-06,NA ,NA
ODYCORP,2023-02-06,NA ,NA
ONMOBILE,2023-02-06,NA ,NA
PANINDIAC,2023-02-06,NA ,NA
POPULARES,2023-02-06,NA ,NA
POWERINDIA,2023-02-06,NA ,NA
PRAXIS,2023-02-06,NA ,NA
PWASML,2023-02-06,NA ,NA
RACLGEAR,2023-02-06,NA ,NA
RADIXIND,2023-02-06,NA ,NA
RGL,2023-02-06,NA ,NA
RITCO,2023-02-06,NA ,NA
RLFL,2023-02-06,NA ,NA
RSCINT,2023-02-06,NA ,NA
SAGARSOFT,2023-02-06,NA ,NA
SALSTEEL,2023-02-06,NA ,NA
SANSERA,2023-02-06,NA ,NA
SAYAJIIND,2023-02-06,NA ,NA
SCC,2023-02-06,NA ,NA
SEPOWER,2023-02-06,NA ,NA
SEVENHILL,2023-02-06,NA ,NA
SHAHALLOYS,2023-02-06,NA ,NA
SHANKARA,2023-02-06,NA ,NA
SHRGLTR,2023-02-06,NA ,NA
SIL,2023-02-06,NA ,NA
SJVN,2023-02-06,NA ,NA
SNIM,2023-02-06,NA ,NA
SOMATEX,2023-02-06,NA ,NA
SPCAPIT,2023-02-06,NA ,NA
SREEJAYA,2023-02-06,NA ,NA
STANROS,2023-02-06,NA ,NA
SUPERIOR,2023-02-06,NA ,NA
SUVENPHAR,2023-02-06,NA ,NA
SYTIXSE,2023-02-06,NA ,NA
TASTYBIT,2023-02-06,NA ,NA
TATASTEEL,2023-02-06,NA ,NA
TCPLPACK,2023-02-06,NA ,NA
TEJASNET,2023-02-06,NA ,NA
TIAANC,2023-02-06,NA ,NA
TMTIND-B1,2023-02-06,NA ,NA
TNPETRO,2023-02-06,NA ,NA
TRIL,2023-02-06,NA ,NA
UFO,2023-02-06,NA ,NA
UNICHEMLAB,2023-02-06,NA ,NA
UNRYLMA,2023-02-06,NA ,NA
VBL,2023-02-06,NA ,NA
VFL,2023-02-06,NA ,NA
VINATIORGA,2023-02-06,NA ,NA
VIRATCRA,2023-02-06,NA ,NA
VISAKAIND,2023-02-06,NA ,NA
VIVIDIND,2023-02-06,NA ,NA
VLL,2023-02-06,NA ,NA
VMART,2023-02-06,NA ,NA
WARDINMOBI,2023-02-06,NA ,NA
WINSOMBR,2023-02-06,NA ,NA
XPROINDIA,2023-02-06,NA ,NA
YURANUS,2023-02-06,NA ,NA
ZGOVPOOX,2023-02-06,NA ,NA
ABFRL,2023-02-07,NA ,NA
ADANIGREEN,2023-02-07,NA ,NA
ADANIPORTS,2023-02-07,NA ,NA
ADTYFRG,2023-02-07,NA ,NA
AGOL,2023-02-07,NA ,NA
ALPHAGEO,2023-02-07,NA ,NA
AMBUJACEM,2023-02-07,NA ,NA
ARCHIDPLY,2023-02-07,NA ,NA
ASHNI,2023-02-07,NA ,NA
ASTRAL,2023-02-07,NA ,NA
ASUTENT,2023-02-07,NA ,NA
BABA,2023-02-07,NA ,NA
BANDARAM,2023-02-07,NA ,NA
BARBEQUE,2023-02-07,NA ,NA
BAYERCROP,2023-02-07,NA ,NA
BDL,2023-02-07,NA ,NA
BECTORFOOD,2023-02-07,NA ,NA
BEDMUTHA,2023-02-07,NA ,NA
BEEYU,2023-02-07,NA ,NA
BENGALS,2023-02-07,NA ,NA
BGWTATO,2023-02-07,NA ,NA
BHARTIARTL,2023-02-07,NA ,NA
CAMS,2023-02-07,NA ,NA
CANTABIL,2023-02-07,NA ,NA
CAPRIHANS,2023-02-07,NA ,NA
CELLA,2023-02-07,NA ,NA
CENTUM,2023-02-07,NA ,NA
CENTURYPLY,2023-02-07,NA ,NA
CFL,2023-02-07,NA ,NA
CHAMBLFERT,2023-02-07,NA ,NA
CHEMFABALKA,2023-02-07,NA ,NA
CINELINE,2023-02-07,NA ,NA
CPL,2023-02-07,NA ,NA
CREDITACC,2023-02-07,NA ,NA
CYBERMEDIA,2023-02-07,NA ,NA
DEEPAKNI,2023-02-07,NA ,NA
DIAMINESQ,2023-02-07,NA ,NA
DONEAR,2023-02-07,NA ,NA
DYNAMIC,2023-02-07,NA ,NA
ELPROINTL,2023-02-07,NA ,NA
ENBETRD,2023-02-07,NA ,NA
EPL,2023-02-07,NA ,NA
ESSARSHPNG,2023-02-07,NA ,NA
EVEREADY,2023-02-07,NA ,NA
EVERESTIND,2023-02-07,NA ,NA
EVERLON,2023-02-07,NA ,NA
FILATFASH,2023-02-07,NA ,NA
FLUOROCHEM,2023-02-07,NA ,NA
FORTISMLR,2023-02-07,NA ,NA
FOSECOIND,2023-02-07,NA ,NA
FRANKLININD,2023-02-07,NA ,NA
GALLOPENT,2023-02-07,NA ,NA
GANESHBE,2023-02-07,NA ,NA
GBFL,2023-02-07,NA ,NA
GLAXO,2023-02-07,NA ,NA
GNFC,2023-02-07,NA ,NA
GOLCA,2023-02-07,NA ,NA
GOLDCOINHF,2023-02-07,NA ,NA
GOWRALE,2023-02-07,NA ,NA
GRAVITY,2023-02-07,NA ,NA
GSFC,2023-02-07,NA ,NA
GUJALKALI,2023-02-07,NA ,NA
GUJSTATFIN,2023-02-07,NA ,NA
GULFPETRO,2023-02-07,NA ,NA
HCLTD,2023-02-07,NA ,NA
HEROMOTOCO,2023-02-07,NA ,NA
HILTON,2023-02-07,NA ,NA
HYPERSOFT,2023-02-07,NA ,NA
INSPIRISYS,2023-02-07,NA ,NA
IOLCP,2023-02-07,NA ,NA
IRBINVIT,2023-02-07,NA ,NA
ITDC,2023-02-07,NA ,NA
IWP,2023-02-07,NA ,NA
JAYBARMARU,2023-02-07,NA ,NA
JAYIND,2023-02-07,NA ,NA
JENBURPH*,2023-02-07,NA ,NA
JJEXPO,2023-02-07,NA ,NA
JKIL,2023-02-07,NA ,NA
JLL,2023-02-07,NA ,NA
JMJFIN,2023-02-07,NA ,NA
JOSTS,2023-02-07,NA ,NA
JOYREALTY,2023-02-07,NA ,NA
KALYANKJIL,2023-02-07,NA ,NA
KGDENIM,2023-02-07,NA ,NA
KIRLFER,2023-02-07,NA ,NA
KKPLASTICK,2023-02-07,NA ,NA
KREONFIN,2023-02-07,NA ,NA
LORDSCHLO,2023-02-07,NA ,NA
LYKALABS,2023-02-07,NA ,NA
MAHASTEEL,2023-02-07,NA ,NA
MANUGRAPH,2023-02-07,NA ,NA
MEGRISOFT,2023-02-07,NA ,NA
MIRCH,2023-02-07,NA ,NA
MORGANITE,2023-02-07,NA ,NA
MPFSL,2023-02-07,NA ,NA
MSUMI,2023-02-07,NA ,NA
MUNJALAU,2023-02-07,NA ,NA
NAGARFERT,2023-02-07,NA ,NA
NAGTECH,2023-02-07,NA ,NA
NAVINFLUOR,2023-02-07,NA ,NA
NDTV,2023-02-07,NA ,NA
NHPC,2023-02-07,NA ,NA
NIKHILAD,2023-02-07,NA ,NA
NOVIS,2023-02-07,NA ,NA
OMEAG,2023-02-07,NA ,NA
OMINFRAL,2023-02-07,NA ,NA
ORIRAIL,2023-02-07,NA ,NA
OSWALEA,2023-02-07,NA ,NA
PANAENERG,2023-02-07,NA ,NA
PARVATI,2023-02-07,NA ,NA
PGIL,2023-02-07,NA ,NA
PHOENIXLTD,2023-02-07,NA ,NA
PIONAGR,2023-02-07,NA ,NA
PIONRINV,2023-02-07,NA ,NA
POWERMECH,2023-02-07,NA ,NA
PRAKASH,2023-02-07,NA ,NA
PRIMEURB,2023-02-07,NA ,NA
PRINCEPIPE,2023-02-07,NA ,NA
PULSRIN,2023-02-07,NA ,NA
PUSHPIN,2023-02-07,NA ,NA
RAMCOCEM,2023-02-07,NA ,NA
RANEENGINE,2023-02-07,NA ,NA
RAYLA,2023-02-07,NA ,NA
RCF,2023-02-07,NA ,NA
REMLIFE,2023-02-07,NA ,NA
RIR,2023-02-07,NA ,NA
RISHIROOP,2023-02-07,NA ,NA
RISHITECH,2023-02-07,NA ,NA
RJSHAH,2023-02-07,NA ,NA
ROLEXRINGS,2023-02-07,NA ,NA
RUSTOMJEE,2023-02-07,NA ,NA
SABOOBR,2023-02-07,NA ,NA
SANBLUE,2023-02-07,NA ,NA
SHANTAI,2023-02-07,NA ,NA
SHBCLQ,2023-02-07,NA ,NA
SICAPIT,2023-02-07,NA ,NA
SKCIL,2023-02-07,NA ,NA
SMARTFIN,2023-02-07,NA ,NA
SMIFS,2023-02-07,NA ,NA
SOBHA,2023-02-07,NA ,NA
SOMANYCERA,2023-02-07,NA ,NA
SRAMSET,2023-02-07,NA ,NA
SRUSTEELS,2023-02-07,NA ,NA
STDSHOE,2023-02-07,NA ,NA
STEL,2023-02-07,NA ,NA
SUDAI,2023-02-07,NA ,NA
SUNFLAG,2023-02-07,NA ,NA
SUNGOLD,2023-02-07,NA ,NA
SUYOG,2023-02-07,NA ,NA
TAIIND,2023-02-07,NA ,NA
TALBROSENG,2023-02-07,NA ,NA
TAMBOLI,2023-02-07,NA ,NA
TARAPUR,2023-02-07,NA ,NA
TCIFINANCE,2023-02-07,NA ,NA
TEJASSVI,2023-02-07,NA ,NA
THACKER,2023-02-07,NA ,NA
THERMAX,2023-02-07,NA ,NA
TI,2023-02-07,NA ,NA
TIERRA,2023-02-07,NA ,NA
TNTELE,2023-02-07,NA ,NA
TRANSCOR,2023-02-07,NA ,NA
TTKHEALTH,2023-02-07,NA ,NA
ULTRAMAR,2023-02-07,NA ,NA
UNIQUEO,2023-02-07,NA ,NA
VADILALIND,2023-02-07,NA ,NA
VADILENT,2023-02-07,NA ,NA
VARROC,2023-02-07,NA ,NA
VERITAS,2023-02-07,NA ,NA
VHL,2023-02-07,NA ,NA
VISUINTL,2023-02-07,NA ,NA
WEPSOLN,2023-02-07,NA ,NA
WONDERLA,2023-02-07,NA ,NA
WORTH,2023-02-07,NA ,NA
YASHO,2023-02-07,NA ,NA
3MINDIA,2023-02-08,NA ,NA
AAL,2023-02-08,NA ,NA
AANANDALAK,2023-02-08,NA ,NA
ABCINDQ,2023-02-08,NA ,NA
ADANIPOWER,2023-02-08,NA ,NA
ADCON,2023-02-08,NA ,NA
AGARWAL,2023-02-08,NA ,NA
AKCAPIT,2023-02-08,NA ,NA
ALKASEC,2023-02-08,NA ,NA
AMALGAM,2023-02-08,NA ,NA
AREYDRG,2023-02-08,NA ,NA
ASIANENE,2023-02-08,NA ,NA
ASIANTNE,2023-02-08,NA ,NA
ASMTEC,2023-02-08,NA ,NA
ATHENAGLO,2023-02-08,NA ,NA
ATVPR,2023-02-08,NA ,NA
AWHCL,2023-02-08,NA ,NA
AWL,2023-02-08,NA ,NA
BAFNAPHARM,2023-02-08,NA ,NA
BCP,2023-02-08,NA ,NA
BELLACASA,2023-02-08,NA ,NA
BHAGYFN,2023-02-08,NA ,NA
BMW,2023-02-08,NA ,NA
BOMTALKIES,2023-02-08,NA ,NA
CENTENKA,2023-02-08,NA ,NA
CENTEXT,2023-02-08,NA ,NA
CNIRESLTD,2023-02-08,NA ,NA
CUMMINSIND,2023-02-08,NA ,NA
DBSTOCKBRO,2023-02-08,NA ,NA
DCMFINSERV,2023-02-08,NA ,NA
DICIND,2023-02-08,NA ,NA
DNAMEDIA,2023-02-08,NA ,NA
DREAMFOLKS,2023-02-08,NA ,NA
DYNAVSN,2023-02-08,NA ,NA
EKC,2023-02-08,NA ,NA
EMPIND,2023-02-08,NA ,NA
ENDURANCE,2023-02-08,NA ,NA
EQUITASBNK,2023-02-08,NA ,NA
ESCORTS,2023-02-08,NA ,NA
ESQRMON,2023-02-08,NA ,NA
EUREKAI,2023-02-08,NA ,NA
FLORATX,2023-02-08,NA ,NA
FUNDVISER,2023-02-08,NA ,NA
GATI,2023-02-08,NA ,NA
GDLLEAS,2023-02-08,NA ,NA
GLOBUSCON,2023-02-08,NA ,NA
GOCLCORP,2023-02-08,NA ,NA
GODREJAGRO,2023-02-08,NA ,NA
GPPL,2023-02-08,NA ,NA
GRAPHITE,2023-02-08,NA ,NA
GTL,2023-02-08,NA ,NA
GTLINFRA,2023-02-08,NA ,NA
HARDCAS,2023-02-08,NA ,NA
HCL-INSYS,2023-02-08,NA ,NA
HELPAGE,2023-02-08,NA ,NA
HFIL,2023-02-08,NA ,NA
HGINFRA,2023-02-08,NA ,NA
HINDMOTORS,2023-02-08,NA ,NA
HITECHCORP,2023-02-08,NA ,NA
HITECHGEAR,2023-02-08,NA ,NA
HITTCO,2023-02-08,NA ,NA
HNDFDS,2023-02-08,NA ,NA
HONAUT,2023-02-08,NA ,NA
IDINFO,2023-02-08,NA ,NA
IMAGICAA,2023-02-08,NA ,NA
INCREDIBLE,2023-02-08,NA ,NA
INDIAGLYCO,2023-02-08,NA ,NA
INDINFO,2023-02-08,NA ,NA
INDRAMEDCO,2023-02-08,NA ,NA
INDTONER,2023-02-08,NA ,NA
INRADIA,2023-02-08,NA ,NA
INTECCAP,2023-02-08,NA ,NA
IPOWER,2023-02-08,NA ,NA
IRCON,2023-02-08,NA ,NA
ITDCEM,2023-02-08,NA ,NA
JACKSON,2023-02-08,NA ,NA
JAGSNPHARM,2023-02-08,NA ,NA
JAINMARMO,2023-02-08,NA ,NA
JAYBHCR,2023-02-08,NA ,NA
JBCHEPHARM,2023-02-08,NA ,NA
JSTL,2023-02-08,NA ,NA
KINETRU,2023-02-08,NA ,NA
KIOCL,2023-02-08,NA ,NA
KUMPFIN,2023-02-08,NA ,NA
LESHAIND,2023-02-08,NA ,NA
LIKHITHA,2023-02-08,NA ,NA
LPDC,2023-02-08,NA ,NA
LSIND,2023-02-08,NA ,NA
MADHUDIN,2023-02-08,NA ,NA
MAGADHSUGAR,2023-02-08,NA ,NA
MAHALXSE,2023-02-08,NA ,NA
MALLCOM,2023-02-08,NA ,NA
MANALIPETC,2023-02-08,NA ,NA
MCLTD,2023-02-08,NA ,NA
METROGLOBL,2023-02-08,NA ,NA
MFLINDIA,2023-02-08,NA ,NA
MIDEASTP,2023-02-08,NA ,NA
MIDHANI,2023-02-08,NA ,NA
MINDACORP,2023-02-08,NA ,NA
MINID,2023-02-08,NA ,NA
MNIL,2023-02-08,NA ,NA
MODISONLTD,2023-02-08,NA ,NA
MODRNSH,2023-02-08,NA ,NA
MORARJEE,2023-02-08,NA ,NA
MOTHERSON,2023-02-08,NA ,NA
MPILCORPL,2023-02-08,NA ,NA
MSL,2023-02-08,NA ,NA
MUNOTHFI,2023-02-08,NA ,NA
NAHARINDUS,2023-02-08,NA ,NA
NARMADA,2023-02-08,NA ,NA
NATPLASTI,2023-02-08,NA ,NA
NCC,2023-02-08,NA ,NA
NH,2023-02-08,NA ,NA
NITTAGELA,2023-02-08,NA ,NA
NOVARTIND,2023-02-08,NA ,NA
OBEROIRLTY,2023-02-08,NA ,NA
OKPLA,2023-02-08,NA ,NA
ORIENTCQ,2023-02-08,NA ,NA
PACIFICI,2023-02-08,NA ,NA
PALMJEWELS,2023-02-08,NA ,NA
PANELEC,2023-02-08,NA ,NA
PASUFIN,2023-02-08,NA ,NA
PASUSPG,2023-02-08,NA ,NA
PATELENG,2023-02-08,NA ,NA
PEL,2023-02-08,NA ,NA
PENIND,2023-02-08,NA ,NA
PGFOILQ,2023-02-08,NA ,NA
PIFL,2023-02-08,NA ,NA
POLYCHEM,2023-02-08,NA ,NA
PPLPHARMA,2023-02-08,NA ,NA
PRESSURS,2023-02-08,NA ,NA
PRICOLLTD,2023-02-08,NA ,NA
QUADRANT,2023-02-08,NA ,NA
QUASAR,2023-02-08,NA ,NA
RAAJMEDI,2023-02-08,NA ,NA
RAJATH,2023-02-08,NA ,NA
RAMGOPOLY,2023-02-08,NA ,NA
RAMRAT,2023-02-08,NA ,NA
RBA,2023-02-08,NA ,NA
REALECO,2023-02-08,NA ,NA
RML,2023-02-08,NA ,NA
ROLLT,2023-02-08,NA ,NA
ROSSELLIND,2023-02-08,NA ,NA
SAFARIND,2023-02-08,NA ,NA
SAMKRG,2023-02-08,NA ,NA
SAWABUSI,2023-02-08,NA ,NA
SEASTAG,2023-02-08,NA ,NA
SHAHCON,2023-02-08,NA ,NA
SHAHLON,2023-02-08,NA ,NA
SHAILY,2023-02-08,NA ,NA
SHILGRAVQ,2023-02-08,NA ,NA
SHIVAGR,2023-02-08,NA ,NA
SHREECEM,2023-02-08,NA ,NA
SHREERAMA,2023-02-08,NA ,NA
SHYAMTEL,2023-02-08,NA ,NA
SINDUVA,2023-02-08,NA ,NA
SJCORP,2023-02-08,NA ,NA
SKFINDIA,2023-02-08,NA ,NA
SKMEGGPROD,2023-02-08,NA ,NA
SODFC,2023-02-08,NA ,NA
SPECIALITY,2023-02-08,NA ,NA
SPICEISL,2023-02-08,NA ,NA
SREINFRA,2023-02-08,NA ,NA
SRGHFL,2023-02-08,NA ,NA
STARLIT,2023-02-08,NA ,NA
STEP2COR,2023-02-08,NA ,NA
SURYVANSP,2023-02-08,NA ,NA
SWITCHTE,2023-02-08,NA ,NA
SYMPHONY,2023-02-08,NA ,NA
SYRMA,2023-02-08,NA ,NA
TALBROAUTO,2023-02-08,NA ,NA
TBZ,2023-02-08,NA ,NA
TCMLMTD,2023-02-08,NA ,NA
TDPOWERSYS,2023-02-08,NA ,NA
THEBYKE,2023-02-08,NA ,NA
TIIL,2023-02-08,NA ,NA
TIL,2023-02-08,NA ,NA
TIMESGTY,2023-02-08,NA ,NA
TINNATFL,2023-02-08,NA ,NA
TRACXN,2023-02-08,NA ,NA
TRADWIN,2023-02-08,NA ,NA
TRANSPEK,2023-02-08,NA ,NA
TRELCHE-B,2023-02-08,NA ,NA
TRENT,2023-02-08,NA ,NA
TTL,2023-02-08,NA ,NA
TWIROST,2023-02-08,NA ,NA
UMAEXPORTS,2023-02-08,NA ,NA
UMANGDAIR,2023-02-08,NA ,NA
UNOMINDA,2023-02-08,NA ,NA
VAGHANI,2023-02-08,NA ,NA
VARUNME,2023-02-08,NA ,NA
VIRINCHI,2023-02-08,NA ,NA
WARDWIZFBL,2023-02-08,NA ,NA
WATERBASE,2023-02-08,NA ,NA
WESTLEIRES,2023-02-08,NA ,NA
WINDLAS*,2023-02-08,NA ,NA
WSIND,2023-02-08,NA ,NA
ZEELEARN,2023-02-08,NA ,NA
ZKOVALIN,2023-02-08,NA ,NA
ZMILGFIN,2023-02-08,NA ,NA
21STCENMGM,2023-02-09,NA ,NA
AARTISURF,2023-02-09,NA ,NA
ADARSH,2023-02-09,NA ,NA
ADSL,2023-02-09,NA ,NA
AGARIND,2023-02-09,NA ,NA
AKSCHEM,2023-02-09,NA ,NA
AKZOINDIA,2023-02-09,NA ,NA
ALEMBICLTD,2023-02-09,NA ,NA
ALFREDHE,2023-02-09,NA ,NA
ALKYLAMINE,2023-02-09,NA ,NA
AMBIKCO,2023-02-09,NA ,NA
ANDHRACEMT,2023-02-09,NA ,NA
ANMOL,2023-02-09,NA ,NA
ANSALHSG,2023-02-09,NA ,NA
APCL,2023-02-09,NA ,NA
APLAB,2023-02-09,NA ,NA
APOLLOFI,2023-02-09,NA ,NA
APTECHT,2023-02-09,NA ,NA
ARISE,2023-02-09,NA ,NA
ASHAPURMIN,2023-02-09,NA ,NA
ASHNOOR,2023-02-09,NA ,NA
ATGL,2023-02-09,NA ,NA
AUROPHARMA,2023-02-09,NA ,NA
AUTOIND,2023-02-09,NA ,NA
BAJAJCON*,2023-02-09,NA ,NA
BALTE,2023-02-09,NA ,NA
BAMBINO,2023-02-09,NA ,NA
BDH,2023-02-09,NA ,NA
BI,2023-02-09,NA ,NA
BIBCL,2023-02-09,NA ,NA
BIRLACABLE,2023-02-09,NA ,NA
BIRLAPREC,2023-02-09,NA ,NA
BOMDYEING,2023-02-09,NA ,NA
BRIGADE,2023-02-09,NA ,NA
BURNPUR,2023-02-09,NA ,NA
CHEMTECH,2023-02-09,NA ,NA
CHOLAHLDNG,2023-02-09,NA ,NA
CLIOINFO,2023-02-09,NA ,NA
COSMOFE,2023-02-09,NA ,NA
CUBIFIN,2023-02-09,NA ,NA
DAIKAFFI,2023-02-09,NA ,NA
DAMOINDUS,2023-02-09,NA ,NA
DCM,2023-02-09,NA ,NA
DCW,2023-02-09,NA ,NA
DEVHARI,2023-02-09,NA ,NA
DEVYANI,2023-02-09,NA ,NA
DGCONTENT,2023-02-09,NA ,NA
DHOOTIN,2023-02-09,NA ,NA
DISAQ,2023-02-09,NA ,NA
DUROPLY,2023-02-09,NA ,NA
EIHAHOTELS,2023-02-09,NA ,NA
ELCIDIN,2023-02-09,NA ,NA
ELFORGE,2023-02-09,NA ,NA
EMERGENT,2023-02-09,NA ,NA
EQUIPPP,2023-02-09,NA ,NA
ESARIND,2023-02-09,NA ,NA
EXXARO,2023-02-09,NA ,NA
FACORALL,2023-02-09,NA ,NA
FAZE3AUTO,2023-02-09,NA ,NA
FDC,2023-02-09,NA ,NA
FINCABLES,2023-02-09,NA ,NA
FINEORG,2023-02-09,NA ,NA
FORCEMOT,2023-02-09,NA ,NA
GALAGEX,2023-02-09,NA ,NA
GARFIBRES,2023-02-09,NA ,NA
GET&D,2023-02-09,NA ,NA
GICRE,2023-02-09,NA ,NA
GLOBALCA,2023-02-09,NA ,NA
GOKULAGRO,2023-02-09,NA ,NA
GOVAI,2023-02-09,NA ,NA
GREAVESCOT,2023-02-09,NA ,NA
GRPLTD,2023-02-09,NA ,NA
GUJCRAFT,2023-02-09,NA ,NA
HAL,2023-02-09,NA ,NA
HBESD,2023-02-09,NA ,NA
HBPOR,2023-02-09,NA ,NA
HCG,2023-02-09,NA ,NA
HDIL,2023-02-09,NA ,NA
HEADSUP,2023-02-09,NA ,NA
HERCULES,2023-02-09,NA ,NA
HEXATRADEX,2023-02-09,NA ,NA
HINDALCO,2023-02-09,NA ,NA
HINDMILL,2023-02-09,NA ,NA
HINDNATGLS,2023-02-09,NA ,NA
HINDPETRO,2023-02-09,NA ,NA
HMT,2023-02-09,NA ,NA
IBINFO,2023-02-09,NA ,NA
INDGELA,2023-02-09,NA ,NA
INDIAHOME,2023-02-09,NA ,NA
INDIANHUME,2023-02-09,NA ,NA
INDOKEM,2023-02-09,NA ,NA
INDRAIND,2023-02-09,NA ,NA
INTECH,2023-02-09,NA ,NA
INVENTURE,2023-02-09,NA ,NA
IOB,2023-02-09,NA ,NA
IRCTC,2023-02-09,NA ,NA
IVP,2023-02-09,NA ,NA
JETAIRWAYS,2023-02-09,NA ,NA
JETKINGQ,2023-02-09,NA ,NA
JSLINDL,2023-02-09,NA ,NA
JTEKTINDIA,2023-02-09,NA ,NA
KALPATPOWR,2023-02-09,NA ,NA
KARMAENG,2023-02-09,NA ,NA
KCPSUGIND,2023-02-09,NA ,NA
KIMS,2023-02-09,NA ,NA
KKFIN,2023-02-09,NA ,NA
KNRCON,2023-02-09,NA ,NA
LELAVOIR,2023-02-09,NA ,NA
LICI,2023-02-09,NA ,NA
LINCOPH,2023-02-09,NA ,NA
LINKPH,2023-02-09,NA ,NA
LUDLOWJUT,2023-02-09,NA ,NA
LUMAXIND,2023-02-09,NA ,NA
LUPIN,2023-02-09,NA ,NA
LUXIND,2023-02-09,NA ,NA
MADHUSE,2023-02-09,NA ,NA
MAHAPEXLTD,2023-02-09,NA ,NA
MAITRI,2023-02-09,NA ,NA
MANGASOF,2023-02-09,NA ,NA
MANINDS,2023-02-09,NA ,NA
MARGOFIN,2023-02-09,NA ,NA
MATRIMONY,2023-02-09,NA ,NA
MEDICAPQ,2023-02-09,NA ,NA
MIRCELECTR,2023-02-09,NA ,NA
MITSHI,2023-02-09,NA ,NA
MITSU,2023-02-09,NA ,NA
MONARCH,2023-02-09,NA ,NA
MRF,2023-02-09,NA ,NA
MTARTECH,2023-02-09,NA ,NA
MUKATPIP,2023-02-09,NA ,NA
MULTIBASE,2023-02-09,NA ,NA
MURUDCERA,2023-02-09,NA ,NA
MUTHTFN,2023-02-09,NA ,NA
MYMONEY,2023-02-09,NA ,NA
NATCOPHARM,2023-02-09,NA ,NA
NAVNETEDUL,2023-02-09,NA ,NA
NCLRESE,2023-02-09,NA ,NA
NDL,2023-02-09,NA ,NA
NEOINFRA,2023-02-09,NA ,NA
NESCO,2023-02-09,NA ,NA
NIBL,2023-02-09,NA ,NA
NIRAJ,2023-02-09,NA ,NA
NIRLON,2023-02-09,NA ,NA
NMSRESRC,2023-02-09,NA ,NA
ORCHIDPHAR,2023-02-09,NA ,NA
OSIAJEE,2023-02-09,NA ,NA
OTCO,2023-02-09,NA ,NA
PADMAIND,2023-02-09,NA ,NA
PAGEIND,2023-02-09,NA ,NA
PANAMAPET,2023-02-09,NA ,NA
PARAS,2023-02-09,NA ,NA
PARASPETRO,2023-02-09,NA ,NA
PATINTLOG,2023-02-09,NA ,NA
PFIZER,2023-02-09,NA ,NA
PICCADIL,2023-02-09,NA ,NA
PICCASUG,2023-02-09,NA ,NA
PML,2023-02-09,NA ,NA
POLYLINK,2023-02-09,NA ,NA
POOJA,2023-02-09,NA ,NA
PRISMX,2023-02-09,NA ,NA
QUANTDIA,2023-02-09,NA ,NA
QUINTEGRA,2023-02-09,NA ,NA
RAIDEEPIND,2023-02-09,NA ,NA
RAINBOW,2023-02-09,NA ,NA
RAJSREESUG,2023-02-09,NA ,NA
RAMSONS,2023-02-09,NA ,NA
RASRESOR,2023-02-09,NA ,NA
RBL,2023-02-09,NA ,NA
REFNOL,2023-02-09,NA ,NA
REGTRUS,2023-02-09,NA ,NA
RELCHEMQ,2023-02-09,NA ,NA
REMIEDEL,2023-02-09,NA ,NA
RESTILE,2023-02-09,NA ,NA
RFLL,2023-02-09,NA ,NA
RITES,2023-02-09,NA ,NA
RNBDENIMS,2023-02-09,NA ,NA
ROJL,2023-02-09,NA ,NA
RSWM,2023-02-09,NA ,NA
RUCHIRA,2023-02-09,NA ,NA
SAFFRON,2023-02-09,NA ,NA
SAMPRE,2023-02-09,NA ,NA
SANDUMA,2023-02-09,NA ,NA
SAPPHIRE,2023-02-09,NA ,NA
SAURASHCEM,2023-02-09,NA ,NA
SDL,2023-02-09,NA ,NA
SEAMECLTD,2023-02-09,NA ,NA
SEPC,2023-02-09,NA ,NA
SERVOTEACH,2023-02-09,NA ,NA
SHAQUAK,2023-02-09,NA ,NA
SHIVAAGRO,2023-02-09,NA ,NA
SHNALUM,2023-02-09,NA ,NA
SHREYANIND,2023-02-09,NA ,NA
SHRMFGC,2023-02-09,NA ,NA
SICAGEN,2023-02-09,NA ,NA
SIPL,2023-02-09,NA ,NA
SITAENT,2023-02-09,NA ,NA
SJS,2023-02-09,NA ,NA
SMARTLINK,2023-02-09,NA ,NA
SMFIL,2023-02-09,NA ,NA
SMRUTHIORG,2023-02-09,NA ,NA
SMSPHARMA,2023-02-09,NA ,NA
SNL,2023-02-09,NA ,NA
SOFTBPO,2023-02-09,NA ,NA
SONAL,2023-02-09,NA ,NA
SPAL,2023-02-09,NA ,NA
SPELS,2023-02-09,NA ,NA
SPS,2023-02-09,NA ,NA
SPSINT,2023-02-09,NA ,NA
SSPDL,2023-02-09,NA ,NA
STARLENT,2023-02-09,NA ,NA
STCINDIA,2023-02-09,NA ,NA
STHINPA,2023-02-09,NA ,NA
SUDARSCHEM,2023-02-09,NA ,NA
SULA,2023-02-09,NA ,NA
SUNRAJDI,2023-02-09,NA ,NA
SUPREMEX,2023-02-09,NA ,NA
SURYALA,2023-02-09,NA ,NA
SURYODAY,2023-02-09,NA ,NA
SUZLON,2023-02-09,NA ,NA
TAPARIA,2023-02-09,NA ,NA
TELESYS,2023-02-09,NA ,NA
TFSL,2023-02-09,NA ,NA
TGVSL,2023-02-09,NA ,NA
TINEAGRO,2023-02-09,NA ,NA
TIPSFILMS,2023-02-09,NA ,NA
TIRUFOAM,2023-02-09,NA ,NA
TREEHOUSE,2023-02-09,NA ,NA
TRF,2023-02-09,NA ,NA
TRIMURTHI,2023-02-09,NA ,NA
TTLEL,2023-02-09,NA ,NA
TVSSRICHAK,2023-02-09,NA ,NA
UBL,2023-02-09,NA ,NA
UJJIVAN,2023-02-09,NA ,NA
UNISTRMU,2023-02-09,NA ,NA
VIPCLOTHNG,2023-02-09,NA ,NA
VIPPYSP,2023-02-09,NA ,NA
VIRAT,2023-02-09,NA ,NA
VIRPOLY,2023-02-09,NA ,NA
VISHWARAJ,2023-02-09,NA ,NA
VISIONCO,2023-02-09,NA ,NA
VJLAXMIE,2023-02-09,NA ,NA
VOLTAS,2023-02-09,NA ,NA
WARRENTEA,2023-02-09,NA ,NA
WEIZMANIND,2023-02-09,NA ,NA
WPIL,2023-02-09,NA ,NA
YASHCHEM,2023-02-09,NA ,NA
YASHINNO,2023-02-09,NA ,NA
ZBINTXPP,2023-02-09,NA ,NA
ZENLABS,2023-02-09,NA ,NA
ZHEMHOLD,2023-02-09,NA ,NA
ZMANSOON,2023-02-09,NA ,NA
ZNILKENG,2023-02-09,NA ,NA
ZOMATO,2023-02-09,NA ,NA
7NR,2023-02-10,NA ,NA
7SEASL,2023-02-10,NA ,NA
AAGAMCAP,2023-02-10,NA ,NA
ABB,2023-02-10,NA ,NA
ABBOTINDIA,2023-02-10,NA ,NA
ACEEDU,2023-02-10,NA ,NA
ACI,2023-02-10,NA ,NA
ACKNIT,2023-02-10,NA ,NA
ADDIND,2023-02-10,NA ,NA
ADVANIHOTR,2023-02-10,NA ,NA
AKASHDEEP,2023-02-10,NA ,NA
AKSHAR,2023-02-10,NA ,NA
ALICON,2023-02-10,NA ,NA
ALKEM,2023-02-10,NA ,NA
AMFORG,2023-02-10,NA ,NA
AMNPLST,2023-02-10,NA ,NA
ANERI,2023-02-10,NA ,NA
ANSHNCO,2023-02-10,NA ,NA
ANUHPHR,2023-02-10,NA ,NA
APOLLO,2023-02-10,NA ,NA
APTANN,2023-02-10,NA ,NA
ARCEEIN,2023-02-10,NA ,NA
AREXMIS,2023-02-10,NA ,NA
ARIES,2023-02-10,NA ,NA
ARTEFACT,2023-02-10,NA ,NA
ARUNIS,2023-02-10,NA ,NA
ARYAN,2023-02-10,NA ,NA
ARYAVAN,2023-02-10,NA ,NA
ASHOKA,2023-02-10,NA ,NA
ASIANHOTNR,2023-02-10,NA ,NA
ASIAPAK,2023-02-10,NA ,NA
ASTRAMICRO,2023-02-10,NA ,NA
ASTRAZEN,2023-02-10,NA ,NA
AUSOMENT,2023-02-10,NA ,NA
AVASARA,2023-02-10,NA ,NA
BAGFILMS,2023-02-10,NA ,NA
BALMLAWRIE,2023-02-10,NA ,NA
BANARISUG,2023-02-10,NA ,NA
BATLIBOI,2023-02-10,NA ,NA
BEML,2023-02-10,NA ,NA
BENTCOM,2023-02-10,NA ,NA
BERVINL,2023-02-10,NA ,NA
BFLAFL,2023-02-10,NA ,NA
BHARATGEAR,2023-02-10,NA ,NA
BHEL,2023-02-10,NA ,NA
BINDALAGRO,2023-02-10,NA ,NA
BISIL,2023-02-10,NA ,NA
BJDUP,2023-02-10,NA ,NA
BLACKROSE,2023-02-10,NA ,NA
BLOIN,2023-02-10,NA ,NA
BLUECLOUDS,2023-02-10,NA ,NA
BLUECOAST,2023-02-10,NA ,NA
CANOPYFIN,2023-02-10,NA ,NA
CDG,2023-02-10,NA ,NA
CEINSYSTECH,2023-02-10,NA ,NA
CGVAK,2023-02-10,NA ,NA
CHLLTD,2023-02-10,NA ,NA
CHLOGIST,2023-02-10,NA ,NA
CHMBBRW,2023-02-10,NA ,NA
CNOVAPETRO,2023-02-10,NA ,NA
COARO,2023-02-10,NA ,NA
COCHINSHIP,2023-02-10,NA ,NA
COLABCLOUD,2023-02-10,NA ,NA
COMCL,2023-02-10,NA ,NA
COMFINTE,2023-02-10,NA ,NA
COMPUSOFT,2023-02-10,NA ,NA
CORALFINAC,2023-02-10,NA ,NA
CROISSANCE,2023-02-10,NA ,NA
DAICHI,2023-02-10,NA ,NA
DARJEELING,2023-02-10,NA ,NA
DBL,2023-02-10,NA ,NA
DCAL,2023-02-10,NA ,NA
DCMNVL,2023-02-10,NA ,NA
DEEP,2023-02-10,NA ,NA
DEEPAKSP,2023-02-10,NA ,NA
DEEPENR,2023-02-10,NA ,NA
DELHIVERY,2023-02-10,NA ,NA
DEVITRD,2023-02-10,NA ,NA
DFM,2023-02-10,NA ,NA
DHANUKA,2023-02-10,NA ,NA
DIANATEA,2023-02-10,NA ,NA
DISHTV,2023-02-10,NA ,NA
DMCC,2023-02-10,NA ,NA
DOLATALGO,2023-02-10,NA ,NA
DREDGECORP,2023-02-10,NA ,NA
DSINVEST,2023-02-10,NA ,NA
DUGARHOU,2023-02-10,NA ,NA
DYNAMATECH,2023-02-10,NA ,NA
DYNAMICP,2023-02-10,NA ,NA
DYNMICR,2023-02-10,NA ,NA
EARUM,2023-02-10,NA ,NA
EIHOTEL,2023-02-10,NA ,NA
EKI,2023-02-10,NA ,NA
ELIN,2023-02-10,NA ,NA
EMAINDIA,2023-02-10,NA ,NA
EMIL,2023-02-10,NA ,NA
ENTRINT,2023-02-10,NA ,NA
ESABINDIA,2023-02-10,NA ,NA
ESPIRE,2023-02-10,NA ,NA
EUROLED,2023-02-10,NA ,NA
EXCELINDUS,2023-02-10,NA ,NA
FERMENTA,2023-02-10,NA ,NA
FIBERWEB,2023-02-10,NA ,NA
FINKURVE,2023-02-10,NA ,NA
FORTIS,2023-02-10,NA ,NA
GAGAN,2023-02-10,NA ,NA
GARMNTMNTR,2023-02-10,NA ,NA
GARODCH,2023-02-10,NA ,NA
GARWAMAR,2023-02-10,NA ,NA
GCCL,2023-02-10,NA ,NA
GEE,2023-02-10,NA ,NA
GEETANJ,2023-02-10,NA ,NA
GEMSI,2023-02-10,NA ,NA
GENPHARMA,2023-02-10,NA ,NA
GILLANDERS,2023-02-10,NA ,NA
GKCONS,2023-02-10,NA ,NA
GLANCE,2023-02-10,NA ,NA
GLENMARK,2023-02-10,NA ,NA
GOKAKTEX,2023-02-10,NA ,NA
GOKEX,2023-02-10,NA ,NA
GOLDIAM,2023-02-10,NA ,NA
GOLKONDA,2023-02-10,NA ,NA
GOYALASS,2023-02-10,NA ,NA
GRATEXI,2023-02-10,NA ,NA
GRAUWEIL,2023-02-10,NA ,NA
GREENCREST,2023-02-10,NA ,NA
GRMOVER,2023-02-10,NA ,NA
GRSE,2023-02-10,NA ,NA
GRWRHITECH,2023-02-10,NA ,NA
GSCLCEMENT,2023-02-10,NA ,NA
GSLSEC,2023-02-10,NA ,NA
GTNTEX,2023-02-10,NA ,NA
GUFICBIO,2023-02-10,NA ,NA
GUJINJEC,2023-02-10,NA ,NA
GUJPETR,2023-02-10,NA ,NA
GUJRAFIA,2023-02-10,NA ,NA
GVBL,2023-02-10,NA ,NA
HANSUGAR,2023-02-10,NA ,NA
HARLETH,2023-02-10,NA ,NA
HARRMALAYA,2023-02-10,NA ,NA
HASTIFIN,2023-02-10,NA ,NA
HBLEAS,2023-02-10,NA ,NA
HBSTOCK,2023-02-10,NA ,NA
HEMIPROP,2023-02-10,NA ,NA
HIGHSTREE,2023-02-10,NA ,NA
HIKLASS,2023-02-10,NA ,NA
HILIKS,2023-02-10,NA ,NA
HISARMET,2023-02-10,NA ,NA
HITKITGLO,2023-02-10,NA ,NA
HKG,2023-02-10,NA ,NA
HSCL,2023-02-10,NA ,NA
IBREALEST,2023-02-10,NA ,NA
ICDSLTD,2023-02-10,NA ,NA
IGCIL,2023-02-10,NA ,NA
INDIGOPNTS,2023-02-10,NA ,NA
INDOAMIN,2023-02-10,NA ,NA
INDOBORAX,2023-02-10,NA ,NA
INDORAMA,2023-02-10,NA ,NA
INDSILHYD,2023-02-10,NA ,NA
INGERRAND,2023-02-10,NA ,NA
INOXGREEN,2023-02-10,NA ,NA
INOXWIND,2023-02-10,NA ,NA
INTENTECH,2023-02-10,NA ,NA
ISFL,2023-02-10,NA ,NA
ISLCONSUL,2023-02-10,NA ,NA
ISTRNETWK,2023-02-10,NA ,NA
IWEL,2023-02-10,NA ,NA
IYKOTHITE,2023-02-10,NA ,NA
JDORGOCHEM,2023-02-10,NA ,NA
JITFINFRA,2023-02-10,NA ,NA
JKLAKSHMI,2023-02-10,NA ,NA
JMDVL,2023-02-10,NA ,NA
JMFINANCIL,2023-02-10,NA ,NA
JMGCORP,2023-02-10,NA ,NA
JYOTIRES,2023-02-10,NA ,NA
KAJALSY,2023-02-10,NA ,NA
KAKATCEM,2023-02-10,NA ,NA
KANDAGIRI,2023-02-10,NA ,NA
KANORICHEM,2023-02-10,NA ,NA
KASHYAP,2023-02-10,NA ,NA
KATRSPG,2023-02-10,NA ,NA
KCDGROUP,2023-02-10,NA ,NA
KCP,2023-02-10,NA ,NA
KEDIACN,2023-02-10,NA ,NA
KEERTHI,2023-02-10,NA ,NA
KENNAMET,2023-02-10,NA ,NA
KFINTECH,2023-02-10,NA ,NA
KHOOBSURAT,2023-02-10,NA ,NA
KIFS,2023-02-10,NA ,NA
KIRANSY-B,2023-02-10,NA ,NA
KIRLOSBROS,2023-02-10,NA ,NA
KIRLOSENG,2023-02-10,NA ,NA
KKALPANAIND,2023-02-10,NA ,NA
KLRFM,2023-02-10,NA ,NA
KOPRAN,2023-02-10,NA ,NA
KOVAI,2023-02-10,NA ,NA
KSE,2023-02-10,NA ,NA
LATIMMETAL,2023-02-10,NA ,NA
LEMONTREE,2023-02-10,NA ,NA
LGBFORGE,2023-02-10,NA ,NA
LOOKS,2023-02-10,NA ,NA
LXMIATO,2023-02-10,NA ,NA
LYNMC,2023-02-10,NA ,NA
M&M,2023-02-10,NA ,NA
MACKINN,2023-02-10,NA ,NA
MADHUVEER,2023-02-10,NA ,NA
MAHAANF,2023-02-10,NA ,NA
MAHESH,2023-02-10,NA ,NA
MAL,2023-02-10,NA ,NA
MATHEWE,2023-02-10,NA ,NA
MDRNSUT-B,2023-02-10,NA ,NA
MDRNTHR-B,2023-02-10,NA ,NA
MEDICAMEQ,2023-02-10,NA ,NA
MEDICO,2023-02-10,NA ,NA
MEENST,2023-02-10,NA ,NA
MEFCOMCAP,2023-02-10,NA ,NA
MEGASOFT,2023-02-10,NA ,NA
MEHIF,2023-02-10,NA ,NA
MEHSECU,2023-02-10,NA ,NA
MICROSE,2023-02-10,NA ,NA
MINAXI,2023-02-10,NA ,NA
MINDTECK,2023-02-10,NA ,NA
MISHKA,2023-02-10,NA ,NA
MIVENMACH,2023-02-10,NA ,NA
MMWL,2023-02-10,NA ,NA
MNKCMILTD,2023-02-10,NA ,NA
MODINSU,2023-02-10,NA ,NA
MOHITIND,2023-02-10,NA ,NA
MSECURI,2023-02-10,NA ,NA
MSTC,2023-02-10,NA ,NA
MUKESHB,2023-02-10,NA ,NA
MULLER,2023-02-10,NA ,NA
MUNJALSHOW,2023-02-10,NA ,NA
MYSTICELE,2023-02-10,NA ,NA
NATFIT,2023-02-10,NA ,NA
NATIONALUM,2023-02-10,NA ,NA
NATNLSTEEL,2023-02-10,NA ,NA
NAUKRI,2023-02-10,NA ,NA
NCLIND,2023-02-10,NA ,NA
NEXTMEDIA,2023-02-10,NA ,NA
NGLFINE,2023-02-10,NA ,NA
NHCFOODS,2023-02-10,NA ,NA
NIMBSPROJ,2023-02-10,NA ,NA
NIPPOBATRY,2023-02-10,NA ,NA
NOCIL,2023-02-10,NA ,NA
NTCIND,2023-02-10,NA ,NA
OCTAVE,2023-02-10,NA ,NA
OIL,2023-02-10,NA ,NA
ORCHASP,2023-02-10,NA ,NA
ORISSAMINE,2023-02-10,NA ,NA
OSEASPR,2023-02-10,NA ,NA
OSWALAGRO,2023-02-10,NA ,NA
PAISALO,2023-02-10,NA ,NA
PANCARBON,2023-02-10,NA ,NA
PANTH,2023-02-10,NA ,NA
PARSHVA,2023-02-10,NA ,NA
PATSPINLTD,2023-02-10,NA ,NA
PBAINFRA,2023-02-10,NA ,NA
PCS,2023-02-10,NA ,NA
PHTRADING,2023-02-10,NA ,NA
PILANIINVS,2023-02-10,NA ,NA
PIXTRANS,2023-02-10,NA ,NA
PNC,2023-02-10,NA ,NA
POLICYBZR,2023-02-10,NA ,NA
POLYTEX,2023-02-10,NA ,NA
PRABHAVIN,2023-02-10,NA ,NA
PRECAM,2023-02-10,NA ,NA
PREMCO,2023-02-10,NA ,NA
PREMEXPLQ,2023-02-10,NA ,NA
PRIMO,2023-02-10,NA ,NA
PRISMFN,2023-02-10,NA ,NA
PROCAL,2023-02-10,NA ,NA
PUNCTRD,2023-02-10,NA ,NA
PUNJCOMMU,2023-02-10,NA ,NA
PURVA,2023-02-10,NA ,NA
RAJPUTANA,2023-02-10,NA ,NA
RANASUG,2023-02-10,NA ,NA
RATEGAIN,2023-02-10,NA ,NA
RAVALSUGAR,2023-02-10,NA ,NA
REGENCERAM,2023-02-10,NA ,NA
REGENTRP,2023-02-10,NA ,NA
RELCAPITAL,2023-02-10,NA ,NA
RELICTEC,2023-02-10,NA ,NA
RELIGARE,2023-02-10,NA ,NA
ROLCOEN,2023-02-10,NA ,NA
ROTO,2023-02-10,NA ,NA
RUPA,2023-02-10,NA ,NA
RVNL,2023-02-10,NA ,NA
SABOOSOD,2023-02-10,NA ,NA
SAGARSYST,2023-02-10,NA ,NA
SALORAINTL,2023-02-10,NA ,NA
SALZER,2023-02-10,NA ,NA
SANGHVIMOV,2023-02-10,NA ,NA
SANGUI,2023-02-10,NA ,NA
SARDAEN,2023-02-10,NA ,NA
SARDAPPR,2023-02-10,NA ,NA
SARTHAKGL,2023-02-10,NA ,NA
SATCH,2023-02-10,NA ,NA
SATIA,2023-02-10,NA ,NA
SCBL,2023-02-10,NA ,NA
SCHAND,2023-02-10,NA ,NA
SEATV,2023-02-10,NA ,NA
SGL,2023-02-10,NA ,NA
SHARMEH,2023-02-10,NA ,NA
SHARONBIO,2023-02-10,NA ,NA
SHAWGELTIN,2023-02-10,NA ,NA
SHINDL,2023-02-10,NA ,NA
SHIVALIK,2023-02-10,NA ,NA
SHRAJOI,2023-02-10,NA ,NA
SHRICON,2023-02-10,NA ,NA
SHRIGANG,2023-02-10,NA ,NA
SHVSUIT,2023-02-10,NA ,NA
SICL,2023-02-10,NA ,NA
SICLTD,2023-02-10,NA ,NA
SIELFNS,2023-02-10,NA ,NA
SIKA,2023-02-10,NA ,NA
SILINV,2023-02-10,NA ,NA
SIZEMASTER,2023-02-10,NA ,NA
SKYGOLD,2023-02-10,NA ,NA
SLSTLQ,2023-02-10,NA ,NA
SMLISUZU,2023-02-10,NA ,NA
SMSLIFE,2023-02-10,NA ,NA
SOFTRAKV,2023-02-10,NA ,NA
SOFTSOL,2023-02-10,NA ,NA
SOFTTECH,2023-02-10,NA ,NA
SONALAD,2023-02-10,NA ,NA
SOVERDIA,2023-02-10,NA ,NA
STARDELTA,2023-02-10,NA ,NA
STARPAPER,2023-02-10,NA ,NA
SUERYAAKNI,2023-02-10,NA ,NA
SUKHJITS,2023-02-10,NA ,NA
SULABEN,2023-02-10,NA ,NA
SURJIND,2023-02-10,NA ,NA
TARAI,2023-02-10,NA ,NA
TATIAGLOB,2023-02-10,NA ,NA
TECHCON,2023-02-10,NA ,NA
TFCILTD,2023-02-10,NA ,NA
THAMBBI,2023-02-10,NA ,NA
THEINVEST,2023-02-10,NA ,NA
TPLPLAST,2023-02-10,NA ,NA
TRIGYN,2023-02-10,NA ,NA
TRINITYLEA,2023-02-10,NA ,NA
TULASEEBIOE,2023-02-10,NA ,NA
TUNITEX,2023-02-10,NA ,NA
TVOLCON,2023-02-10,NA ,NA
TYPHOON,2023-02-10,NA ,NA
TYROON,2023-02-10,NA ,NA
UCALFUEL,2023-02-10,NA ,NA
UGARSUGAR,2023-02-10,NA ,NA
UJAAS,2023-02-10,NA ,NA
UNIABEXAL,2023-02-10,NA ,NA
UNIVCABLES,2023-02-10,NA ,NA
UNJHAFOR,2023-02-10,NA ,NA
USHDI,2023-02-10,NA ,NA
V2RETAIL,2023-02-10,NA ,NA
VANICOM,2023-02-10,NA ,NA
VCU,2023-02-10,NA ,NA
VEDAVAAG,2023-02-10,NA ,NA
VELHO,2023-02-10,NA ,NA
VENKYS,2023-02-10,NA ,NA
VICEROY,2023-02-10,NA ,NA
VIDHIING,2023-02-10,NA ,NA
VINDHYATEL,2023-02-10,NA ,NA
VIRTUALG,2023-02-10,NA ,NA
VISHAL,2023-02-10,NA ,NA
VISHNU,2023-02-10,NA ,NA
VOLLF,2023-02-10,NA ,NA
VSTTILLERS,2023-02-10,NA ,NA
WABAG,2023-02-10,NA ,NA
WSTCSTPAPR,2023-02-10,NA ,NA
XCHANGING,2023-02-10,NA ,NA
ZSARACOM,2023-02-10,NA ,NA
ZSHERAPR,2023-02-10,NA ,NA
ZSOUTGAS,2023-02-10,NA ,NA
ZSPEEDCO,2023-02-10,NA ,NA
AADHAARVEN,2023-02-11,NA ,NA
ABCGAS,2023-02-11,NA ,NA
ABHIINFRA,2023-02-11,NA ,NA
ACEENGITEC,2023-02-11,NA ,NA
ACIASIA,2023-02-11,NA ,NA
AIMCOPEST,2023-02-11,NA ,NA
ALMONDZ,2023-02-11,NA ,NA
APTPACK,2023-02-11,NA ,NA
ARMAN,2023-02-11,NA ,NA
ASHRAM,2023-02-11,NA ,NA
ASIANFR,2023-02-11,NA ,NA
ATLANTA,2023-02-11,NA ,NA
AVANTI,2023-02-11,NA ,NA
AVIVA,2023-02-11,NA ,NA
AVROIND,2023-02-11,NA ,NA
BACPHAR,2023-02-11,NA ,NA
BALGOPAL,2023-02-11,NA ,NA
BALKRISIND,2023-02-11,NA ,NA
BALRAMCHIN*,2023-02-11,NA ,NA
BAPACK,2023-02-11,NA ,NA
BBTC,2023-02-11,NA ,NA
BENGALT,2023-02-11,NA ,NA
BERYLSE,2023-02-11,NA ,NA
BHASKAGR,2023-02-11,NA ,NA
BKV,2023-02-11,NA ,NA
BLKASHYAP,2023-02-11,NA ,NA
BNRSEC,2023-02-11,NA ,NA
BRADYM,2023-02-11,NA ,NA
CAPPL,2023-02-11,NA ,NA
CHEVIOT,2023-02-11,NA ,NA
CHORDIA,2023-02-11,NA ,NA
CJGEL,2023-02-11,NA ,NA
COCHINM,2023-02-11,NA ,NA
COFFEEDAY,2023-02-11,NA ,NA
COMPEAU,2023-02-11,NA ,NA
CREATIVE,2023-02-11,NA ,NA
CRSTCHM,2023-02-11,NA ,NA
CUB,2023-02-11,NA ,NA
DDEVPLASTIK,2023-02-11,NA ,NA
DECOMIC,2023-02-11,NA ,NA
DHARMAJ,2023-02-11,NA ,NA
DHRUV,2023-02-11,NA ,NA
DHUNINV,2023-02-11,NA ,NA
DIAPOWER,2023-02-11,NA ,NA
DVL,2023-02-11,NA ,NA
EASTRED,2023-02-11,NA ,NA
ECOBOAR,2023-02-11,NA ,NA
ECOM,2023-02-11,NA ,NA
EPIC,2023-02-11,NA ,NA
FLORACORP,2023-02-11,NA ,NA
FLUIDOM,2023-02-11,NA ,NA
FRONTSP,2023-02-11,NA ,NA
FUSION,2023-02-11,NA ,NA
GARNETINT,2023-02-11,NA ,NA
GCMSECU,2023-02-11,NA ,NA
GOPAIST,2023-02-11,NA ,NA
GPIL,2023-02-11,NA ,NA
HAWAENG,2023-02-11,NA ,NA
HIMATSEIDE,2023-02-11,NA ,NA
HIPOLIN,2023-02-11,NA ,NA
HLEGLAS,2023-02-11,NA ,NA
HPAL,2023-02-11,NA ,NA
IECEDU,2023-02-11,NA ,NA
INDIANCARD,2023-02-11,NA ,NA
INTERFAC,2023-02-11,NA ,NA
ITL,2023-02-11,NA ,NA
JAYAGROGN,2023-02-11,NA ,NA
JAYNECOIND,2023-02-11,NA ,NA
JBMA,2023-02-11,NA ,NA
KAMADGIRI,2023-02-11,NA ,NA
KANELIND,2023-02-11,NA ,NA
KANPRPLA,2023-02-11,NA ,NA
KBSINDIA,2023-02-11,NA ,NA
KIRIINDUS,2023-02-11,NA ,NA
KIRLOSIND,2023-02-11,NA ,NA
KUSHIND,2023-02-11,NA ,NA
KVFORGE,2023-02-11,NA ,NA
LASTMILE,2023-02-11,NA ,NA
LEENEE,2023-02-11,NA ,NA
MADHAV,2023-02-11,NA ,NA
MALTC,2023-02-11,NA ,NA
MALUPAPER,2023-02-11,NA ,NA
MANGLMCEM,2023-02-11,NA ,NA
MANSIFIN,2023-02-11,NA ,NA
MILESTONE,2023-02-11,NA ,NA
MKEXIM,2023-02-11,NA ,NA
MOHITPPR,2023-02-11,NA ,NA
NAVKARCORP,2023-02-11,NA ,NA
NEWMKTADV,2023-02-11,NA ,NA
NRBBEARING,2023-02-11,NA ,NA
ORIBEVER,2023-02-11,NA ,NA
ORIENTALTL,2023-02-11,NA ,NA
PANJON,2023-02-11,NA ,NA
PARTIND,2023-02-11,NA ,NA
PATELSAI,2023-02-11,NA ,NA
PIONEEREMB,2023-02-11,NA ,NA
POLYCON,2023-02-11,NA ,NA
POLYSPIN,2023-02-11,NA ,NA
POONADAL,2023-02-11,NA ,NA
PRECWIRE,2023-02-11,NA ,NA
PRIMEPRO,2023-02-11,NA ,NA
PRITHVIEXCH,2023-02-11,NA ,NA
PROGREXV,2023-02-11,NA ,NA
PTCIL,2023-02-11,NA ,NA
RAJTUBE,2023-02-11,NA ,NA
RASRESOR,2023-02-11,NA ,NA
RISAINTL,2023-02-11,NA ,NA
RKDL,2023-02-11,NA ,NA
SAH,2023-02-11,NA ,NA
SAHLIBHFI,2023-02-11,NA ,NA
SAKTHIFIN,2023-02-11,NA ,NA
SAMBANDAM,2023-02-11,NA ,NA
SAMINDUS,2023-02-11,NA ,NA
SAMRATFORG,2023-02-11,NA ,NA
SAVERA,2023-02-11,NA ,NA
SCTL,2023-02-11,NA ,NA
SEJAL,2023-02-11,NA ,NA
SESHACHAL,2023-02-11,NA ,NA
SHAHFOOD,2023-02-11,NA ,NA
SHIVAMILLS,2023-02-11,NA ,NA
SHIVTEX,2023-02-11,NA ,NA
SHREMETAL,2023-02-11,NA ,NA
SIBARAUT,2023-02-11,NA ,NA
SICAL,2023-02-11,NA ,NA
SIMRAN,2023-02-11,NA ,NA
SOLIMAC,2023-02-11,NA ,NA
SPLIL,2023-02-11,NA ,NA
SRINACHA,2023-02-11,NA ,NA
SSLEL,2023-02-11,NA ,NA
SUMUKAAG,2023-02-11,NA ,NA
SUPERHOUSE,2023-02-11,NA ,NA
SWELECTES,2023-02-11,NA ,NA
TEJNAKSH,2023-02-11,NA ,NA
TEXINFRA,2023-02-11,NA ,NA
TEXRAIL,2023-02-11,NA ,NA
TIRUFIN,2023-02-11,NA ,NA
TIRUSTA,2023-02-11,NA ,NA
TITANIN,2023-02-11,NA ,NA
TNSTLTU,2023-02-11,NA ,NA
TRIPR,2023-02-11,NA ,NA
TRISHAKT,2023-02-11,NA ,NA
TVSELECT,2023-02-11,NA ,NA
TWL,2023-02-11,NA ,NA
UNIVSTAR,2023-02-11,NA ,NA
USHAMART,2023-02-11,NA ,NA
VASINFRA,2023-02-11,NA ,NA
VINAYAKPOL,2023-02-11,NA ,NA
VINVANI,2023-02-11,NA ,NA
VIRGOGLOB,2023-02-11,NA ,NA
VISASTEEL,2023-02-11,NA ,NA
VTMLTD,2023-02-11,NA ,NA
VXLINSTR,2023-02-11,NA ,NA
WHBRADY,2023-02-11,NA ,NA
WILLAMAGOR,2023-02-11,NA ,NA
WILLIMFI,2023-02-11,NA ,NA
WINSOMTX,2023-02-11,NA ,NA
ZKHANDEN,2023-02-11,NA ,NA
ZSANMCOM,2023-02-11,NA ,NA
1STCUS,2023-02-14,NA ,NA
4THGEN,2023-02-14,NA ,NA
A2ZINFRA,2023-02-14,NA ,NA
AAIL,2023-02-14,NA ,NA
AANCHALISP,2023-02-14,NA ,NA
ABATEAS,2023-02-14,NA ,NA
ABHISHEK,2023-02-14,NA ,NA
ACEMEN,2023-02-14,NA ,NA
ACESOFT,2023-02-14,NA ,NA
ACFL,2023-02-14,NA ,NA
ACIIN,2023-02-14,NA ,NA
ADANIENT,2023-02-14,NA ,NA
ADITYA,2023-02-14,NA ,NA
ADLINE,2023-02-14,NA ,NA
ADSDIAG,2023-02-14,NA ,NA
ADVLIFE,2023-02-14,NA ,NA
ADVMULT,2023-02-14,NA ,NA
ADVPETR-B,2023-02-14,NA ,NA
AFEL,2023-02-14,NA ,NA
AGIIL,2023-02-14,NA ,NA
AHL,2023-02-14,NA ,NA
AHLEAST,2023-02-14,NA ,NA
AICHAMP,2023-02-14,NA ,NA
AISHWARYA,2023-02-14,NA ,NA
AJANTSOY,2023-02-14,NA ,NA
ALAN SCOTT,2023-02-14,NA ,NA
ALANKIT,2023-02-14,NA ,NA
ALFATRAN,2023-02-14,NA ,NA
ALFAVIO,2023-02-14,NA ,NA
ALFL,2023-02-14,NA ,NA
ALKA,2023-02-14,NA ,NA
ALNATRD,2023-02-14,NA ,NA
ALPA,2023-02-14,NA ,NA
ALPSMOTOR,2023-02-14,NA ,NA
AMARSEC,2023-02-14,NA ,NA
AMINTAN,2023-02-14,NA ,NA
AMRAPLIN,2023-02-14,NA ,NA
AMRUTANJAN,2023-02-14,NA ,NA
ANANDPROJ,2023-02-14,NA ,NA
ANDREWYU,2023-02-14,NA ,NA
ANG,2023-02-14,NA ,NA
ANIKINDS,2023-02-14,NA ,NA
ANKIN,2023-02-14,NA ,NA
ANSINDUS,2023-02-14,NA ,NA
ANUPAM,2023-02-14,NA ,NA
APIL,2023-02-14,NA ,NA
APIS,2023-02-14,NA ,NA
APOLLOHOSP,2023-02-14,NA ,NA
APTPACK,2023-02-14,NA ,NA
ARCOTECH,2023-02-14,NA ,NA
ARHNTTO,2023-02-14,NA ,NA
ARIHANT,2023-02-14,NA ,NA
ARMANFIN,2023-02-14,NA ,NA
ARNOLD,2023-02-14,NA ,NA
AROMAENT,2023-02-14,NA ,NA
ARSHIYA,2023-02-14,NA ,NA
ARSSINFRA,2023-02-14,NA ,NA
ARVINDFASN,2023-02-14,NA ,NA
ASFLORA,2023-02-14,NA ,NA
ASHCAP,2023-02-14,NA ,NA
ASHIANA,2023-02-14,NA ,NA
ASHIS,2023-02-14,NA ,NA
ASHOKALC,2023-02-14,NA ,NA
ASHUTPM,2023-02-14,NA ,NA
ASIACAP,2023-02-14,NA ,NA
ASIL,2023-02-14,NA ,NA
ASINPET,2023-02-14,NA ,NA
ASMS,2023-02-14,NA ,NA
ASPIRA,2023-02-14,NA ,NA
ASSOCER,2023-02-14,NA ,NA
ASTERDM,2023-02-14,NA ,NA
ASTRON,2023-02-14,NA ,NA
ASYL,2023-02-14,NA ,NA
ATCOM,2023-02-14,NA ,NA
ATLANTADEV,2023-02-14,NA ,NA
ATLINFRA,2023-02-14,NA ,NA
ATNINTER,2023-02-14,NA ,NA
AUTOPINS,2023-02-14,NA ,NA
AVONMORE,2023-02-14,NA ,NA
BAJAJST,2023-02-14,NA ,NA
BALAJITELE,2023-02-14,NA ,NA
BALKRISHNA,2023-02-14,NA ,NA
BALUFORGE,2023-02-14,NA ,NA
BANG,2023-02-14,NA ,NA
BANSTEA,2023-02-14,NA ,NA
BARODARY,2023-02-14,NA ,NA
BAROEXT,2023-02-14,NA ,NA
BASML,2023-02-14,NA ,NA
BATAINDIA,2023-02-14,NA ,NA
BAZELINTER,2023-02-14,NA ,NA
BBTCL,2023-02-14,NA ,NA
BCLENTERPR,2023-02-14,NA ,NA
BCLIL,2023-02-14,NA ,NA
BEELE,2023-02-14,NA ,NA
BEPL,2023-02-14,NA ,NA
BHAGWOX,2023-02-14,NA ,NA
BHAGYNAGAR,2023-02-14,NA ,NA
BHARATAGRI,2023-02-14,NA ,NA
BHARATFORG,2023-02-14,NA ,NA
BHATIA,2023-02-14,NA ,NA
BHRKALM,2023-02-14,NA ,NA
BIHSPONG,2023-02-14,NA ,NA
BINNY,2023-02-14,NA ,NA
BINNYMILLS,2023-02-14,NA ,NA
BIOCON,2023-02-14,NA ,NA
BIOFILCHEM,2023-02-14,NA ,NA
BIRLACAP,2023-02-14,NA ,NA
BIRLATYRES,2023-02-14,NA ,NA
BITL,2023-02-14,NA ,NA
BLCISER,2023-02-14,NA ,NA
BLIL,2023-02-14,NA ,NA
BMBMUMG,2023-02-14,NA ,NA
BOBSHELL,2023-02-14,NA ,NA
BODALCHEM,2023-02-14,NA ,NA
BODHTREE,2023-02-14,NA ,NA
BONLON,2023-02-14,NA ,NA
BOSCHLTD,2023-02-14,NA ,NA
BPCAP,2023-02-14,NA ,NA
BPL,2023-02-14,NA ,NA
BPTEX,2023-02-14,NA ,NA
BRAHMINFRA,2023-02-14,NA ,NA
BRAWN,2023-02-14,NA ,NA
BRFL,2023-02-14,NA ,NA
BRIJLEAS,2023-02-14,NA ,NA
BRIPORT,2023-02-14,NA ,NA
BROOKS,2023-02-14,NA ,NA
BTTL,2023-02-14,NA ,NA
CALCOM,2023-02-14,NA ,NA
CALSOFT,2023-02-14,NA ,NA
CAPITALT,2023-02-14,NA ,NA
CAPRICORN,2023-02-14,NA ,NA
CAPRO,2023-02-14,NA ,NA
CAREERP,2023-02-14,NA ,NA
CARNATIN,2023-02-14,NA ,NA
CATECH,2023-02-14,NA ,NA
CATVISION,2023-02-14,NA ,NA
CCFCL,2023-02-14,NA ,NA
CEEJAY,2023-02-14,NA ,NA
CEETAIN,2023-02-14,NA ,NA
CELESTIAL,2023-02-14,NA ,NA
CENTERAC,2023-02-14,NA ,NA
CESC,2023-02-14,NA ,NA
CESL,2023-02-14,NA ,NA
CHADPAP,2023-02-14,NA ,NA
CHDCHEM,2023-02-14,NA ,NA
CHRTEDCA,2023-02-14,NA ,NA
CIANAGRO,2023-02-14,NA ,NA
CISTRO,2023-02-14,NA ,NA
CITURGIA,2023-02-14,NA ,NA
CITYONLINE,2023-02-14,NA ,NA
CLFL,2023-02-14,NA ,NA
COASTCORP,2023-02-14,NA ,NA
CONCORD,2023-02-14,NA ,NA
CONCRETE,2023-02-14,NA ,NA
CONTAINER,2023-02-14,NA ,NA
CONTICON,2023-02-14,NA ,NA
CORALAB,2023-02-14,NA ,NA
CORPOCO,2023-02-14,NA ,NA
COSCO,2023-02-14,NA ,NA
COSMOFIRST,2023-02-14,NA ,NA
CSURGSU,2023-02-14,NA ,NA
DANLAW,2023-02-14,NA ,NA
DATIWARE,2023-02-14,NA ,NA
DBREALTY,2023-02-14,NA ,NA
DCI,2023-02-14,NA ,NA
DCMSRMIND,2023-02-14,NA ,NA
DECANBRG,2023-02-14,NA ,NA
DECCANCE,2023-02-14,NA ,NA
DECIPHER,2023-02-14,NA ,NA
DECNGOLD,2023-02-14,NA ,NA
DECPO,2023-02-14,NA ,NA
DEL,2023-02-14,NA ,NA
DENISCHEM,2023-02-14,NA ,NA
DEVINE,2023-02-14,NA ,NA
DHABRIYA,2023-02-14,NA ,NA
DHAMPURE,2023-02-14,NA ,NA
DHANADACO,2023-02-14,NA ,NA
DHRUVCA,2023-02-14,NA ,NA
DIDL,2023-02-14,NA ,NA
DILIGENT,2023-02-14,NA ,NA
DJSSS,2023-02-14,NA ,NA
DLTNCBL,2023-02-14,NA ,NA
DOLLAR,2023-02-14,NA ,NA
DRL,2023-02-14,NA ,NA
DSKULKARNI,2023-02-14,NA ,NA
DSSL,2023-02-14,NA ,NA
DUROPACK,2023-02-14,NA ,NA
DUTRON,2023-02-14,NA ,NA
EASTBUILD,2023-02-14,NA ,NA
EASTWEST,2023-02-14,NA ,NA
ECSTSTL,2023-02-14,NA ,NA
EDVENSWA,2023-02-14,NA ,NA
EFCIL,2023-02-14,NA ,NA
EICHERMOT,2023-02-14,NA ,NA
EIDPARRY,2023-02-14,NA ,NA
EKAMLEA,2023-02-14,NA ,NA
ELECTCAST,2023-02-14,NA ,NA
ELECTHERM,2023-02-14,NA ,NA
ELITECON,2023-02-14,NA ,NA
EMAMIREAL,2023-02-14,NA ,NA
EMERALL,2023-02-14,NA ,NA
EMMBI,2023-02-14,NA ,NA
EMMSONS,2023-02-14,NA ,NA
ENCODE,2023-02-14,NA ,NA
ENERGYDEV,2023-02-14,NA ,NA
ENVAIREL,2023-02-14,NA ,NA
ESARIND,2023-02-14,NA ,NA
ESTER,2023-02-14,NA ,NA
EUREKAFORBE,2023-02-14,NA ,NA
EUROMULTI,2023-02-14,NA ,NA
EVERESTO,2023-02-14,NA ,NA
EXPLEOSOL,2023-02-14,NA ,NA
EXPLICITFIN,2023-02-14,NA ,NA
FIEMIND,2023-02-14,NA ,NA
FIRSTFIN,2023-02-14,NA ,NA
FISCHER,2023-02-14,NA ,NA
FMEC,2023-02-14,NA ,NA
FRONTCAP,2023-02-14,NA ,NA
FRONTCORP,2023-02-14,NA ,NA
FRUTION,2023-02-14,NA ,NA
FUNNY,2023-02-14,NA ,NA
GAJANANSEC,2023-02-14,NA ,NA
GAMMONIND,2023-02-14,NA ,NA
GANGAPA,2023-02-14,NA ,NA
GANONPRO,2023-02-14,NA ,NA
GARBIFIN,2023-02-14,NA ,NA
GARGFUR,2023-02-14,NA ,NA
GARNET,2023-02-14,NA ,NA
GAYAPROJ,2023-02-14,NA ,NA
GBGLOBAL,2023-02-14,NA ,NA
GDTRAGN,2023-02-14,NA ,NA
GENCON,2023-02-14,NA ,NA
GENESYS,2023-02-14,NA ,NA
GENNEX,2023-02-14,NA ,NA
GENUSPAPER,2023-02-14,NA ,NA
GEPIL,2023-02-14,NA ,NA
GILADAFINS,2023-02-14,NA ,NA
GINNIFILA,2023-02-14,NA ,NA
GIPCL,2023-02-14,NA ,NA
GKB,2023-02-14,NA ,NA
GLCL,2023-02-14,NA ,NA
GLOBALVECT,2023-02-14,NA ,NA
GLOBUSSPR,2023-02-14,NA ,NA
GMDCLTD,2023-02-14,NA ,NA
GMRINFRA,2023-02-14,NA ,NA
GNRL,2023-02-14,NA ,NA
GODAVARI,2023-02-14,NA ,NA
GOENKA,2023-02-14,NA ,NA
GOGIACAP,2023-02-14,NA ,NA
GOKUL,2023-02-14,NA ,NA
GOLDLINE,2023-02-14,NA ,NA
GOLDTECH,2023-02-14,NA ,NA
GOLECHA,2023-02-14,NA ,NA
GOODYEAR,2023-02-14,NA ,NA
GOYALALUM,2023-02-14,NA ,NA
GRASIM,2023-02-14,NA ,NA
GRCABLE,2023-02-14,NA ,NA
GSAUTO,2023-02-14,NA ,NA
GSBFIN,2023-02-14,NA ,NA
GSS,2023-02-14,NA ,NA
GSTL,2023-02-14,NA ,NA
GTNINDS,2023-02-14,NA ,NA
GUJAPOLLO,2023-02-14,NA ,NA
GVFILM,2023-02-14,NA ,NA
HALDER,2023-02-14,NA ,NA
HALDYNGL,2023-02-14,NA ,NA
HARDWYN,2023-02-14,NA ,NA
HARIAAPL,2023-02-14,NA ,NA
HARIAEXPO,2023-02-14,NA ,NA
HARISH,2023-02-14,NA ,NA
HARSHA,2023-02-14,NA ,NA
HEERAISP,2023-02-14,NA ,NA
HEG,2023-02-14,NA ,NA
HEMACEM,2023-02-14,NA ,NA
HIMFIBP,2023-02-14,NA ,NA
HINDALUMI,2023-02-14,NA ,NA
HINDTIN,2023-02-14,NA ,NA
HIRAUTO,2023-02-14,NA ,NA
HISARSP,2023-02-14,NA ,NA
HOWARHO,2023-02-14,NA ,NA
HPBL,2023-02-14,NA ,NA
HPIL,2023-02-14,NA ,NA
HPL,2023-02-14,NA ,NA
HRBFLOR,2023-02-14,NA ,NA
HRYNSHP,2023-02-14,NA ,NA
HTMEDIA,2023-02-14,NA ,NA
HUBTOWN,2023-02-14,NA ,NA
IBRIGST,2023-02-14,NA ,NA
IBULHSGFIN,2023-02-14,NA ,NA
IFINSEC,2023-02-14,NA ,NA
IFINSER,2023-02-14,NA ,NA
IITL,2023-02-14,NA ,NA
IL&FSENGG,2023-02-14,NA ,NA
IMCAP,2023-02-14,NA ,NA
IMEC,2023-02-14,NA ,NA
INANISEC,2023-02-14,NA ,NA
INDAGIV,2023-02-14,NA ,NA
INDCTST,2023-02-14,NA ,NA
INDIANVSH,2023-02-14,NA ,NA
INDNIPPON,2023-02-14,NA ,NA
INDOSTAR,2023-02-14,NA ,NA
INDPRUD,2023-02-14,NA ,NA
INDRANIB,2023-02-14,NA ,NA
INDRENEW,2023-02-14,NA ,NA
INDSUCR,2023-02-14,NA ,NA
INDSWFTLAB,2023-02-14,NA ,NA
INNOCORP,2023-02-14,NA ,NA
INNOVTEC,2023-02-14,NA ,NA
INSOE,2023-02-14,NA ,NA
INTEGSW,2023-02-14,NA ,NA
INTELLCAP,2023-02-14,NA ,NA
INTELSOFT,2023-02-14,NA ,NA
INTETHR,2023-02-14,NA ,NA
IPCALAB,2023-02-14,NA ,NA
IPRINGLTD,2023-02-14,NA ,NA
ISFT,2023-02-14,NA ,NA
ISHANCH,2023-02-14,NA ,NA
ISHITADR,2023-02-14,NA ,NA
ISWL,2023-02-14,NA ,NA
JAGAJITIND,2023-02-14,NA ,NA
JAGANLAM,2023-02-14,NA ,NA
JAIHINDS,2023-02-14,NA ,NA
JAINCO,2023-02-14,NA ,NA
JAIPAN,2023-02-14,NA ,NA
JAMESWARREN,2023-02-14,NA ,NA
JAMSHRI,2023-02-14,NA ,NA
JAUSPOL,2023-02-14,NA ,NA
JAYCH,2023-02-14,NA ,NA
JAYUSH,2023-02-14,NA ,NA
JCTLTD,2023-02-14,NA ,NA
JHS,2023-02-14,NA ,NA
JINDALPHOT,2023-02-14,NA ,NA
JINDALPOLY,2023-02-14,NA ,NA
JINDCOT,2023-02-14,NA ,NA
JINDHOT,2023-02-14,NA ,NA
JOINDRE,2023-02-14,NA ,NA
JOLYPLS,2023-02-14,NA ,NA
JPASSOCIAT,2023-02-14,NA ,NA
JPTSEC,2023-02-14,NA ,NA
JRELTD,2023-02-14,NA ,NA
JRFOODS,2023-02-14,NA ,NA
JUMBFNL,2023-02-14,NA ,NA
JWL,2023-02-14,NA ,NA
JYOTI,2023-02-14,NA ,NA
KABRADG,2023-02-14,NA ,NA
KABSON,2023-02-14,NA ,NA
KACL,2023-02-14,NA ,NA
KAKTEX,2023-02-14,NA ,NA
KALLAM,2023-02-14,NA ,NA
KALPACOMME,2023-02-14,NA ,NA
KAMANWALA,2023-02-14,NA ,NA
KAMATHOTEL,2023-02-14,NA ,NA
KANCHI,2023-02-14,NA ,NA
KANCOTEA,2023-02-14,NA ,NA
KANUNGO,2023-02-14,NA ,NA
KAPILCO,2023-02-14,NA ,NA
KARNAVATI,2023-02-14,NA ,NA
KAUSHALYA,2023-02-14,NA ,NA
KBCGLOBAL,2023-02-14,NA ,NA
KCL,2023-02-14,NA ,NA
KEEPLEARN,2023-02-14,NA ,NA
KELLTONTEC,2023-02-14,NA ,NA
KEMISTAR,2023-02-14,NA ,NA
KENFIN,2023-02-14,NA ,NA
KERALAYUR,2023-02-14,NA ,NA
KERNEX,2023-02-14,NA ,NA
KESARENT,2023-02-14,NA ,NA
KFBL,2023-02-14,NA ,NA
KHAITANLTD,2023-02-14,NA ,NA
KILITCH,2023-02-14,NA ,NA
KILPEST,2023-02-14,NA ,NA
KIMIABL,2023-02-14,NA ,NA
KINETICENG,2023-02-14,NA ,NA
KINGFA,2023-02-14,NA ,NA
KIRANPR,2023-02-14,NA ,NA
KITEX,2023-02-14,NA ,NA
KLGCAP,2023-02-14,NA ,NA
KMCSHIL,2023-02-14,NA ,NA
KONARKSY,2023-02-14,NA ,NA
KOTHARIPRO,2023-02-14,NA ,NA
KOTIC,2023-02-14,NA ,NA
KPL,2023-02-14,NA ,NA
KRIINFRA,2023-02-14,NA ,NA
KSERASERA,2023-02-14,NA ,NA
KSHITIJ,2023-02-14,NA ,NA
KUBERJI,2023-02-14,NA ,NA
KWALITYCL,2023-02-14,NA ,NA
LACTOSE,2023-02-14,NA ,NA
LAHOTIOV,2023-02-14,NA ,NA
LANCORHOL,2023-02-14,NA ,NA
LANDMARC,2023-02-14,NA ,NA
LAOPALA,2023-02-14,NA ,NA
LASA,2023-02-14,NA ,NA
LCCINFOTEC,2023-02-14,NA ,NA
LIMECHM,2023-02-14,NA ,NA
LINAKS,2023-02-14,NA ,NA
LIPPISYS,2023-02-14,NA ,NA
LOKESHMACH,2023-02-14,NA ,NA
LORDSCH,2023-02-14,NA ,NA
LOVABLE,2023-02-14,NA ,NA
LOYALTEX,2023-02-14,NA ,NA
LWSKNIT,2023-02-14,NA ,NA
LYPSAGEMS,2023-02-14,NA ,NA
MAAJTL,2023-02-14,NA ,NA
MACINTR,2023-02-14,NA ,NA
MACPLASQ,2023-02-14,NA ,NA
MADHAVIPL,2023-02-14,NA ,NA
MAFATIND,2023-02-14,NA ,NA
MAGNUM,2023-02-14,NA ,NA
MAINFRA,2023-02-14,NA ,NA
MAITHANALL,2023-02-14,NA ,NA
MAJESAUT,2023-02-14,NA ,NA
MAL,2023-02-14,NA ,NA
MANAKSIA,2023-02-14,NA ,NA
MANAKSTELTD,2023-02-14,NA ,NA
MANCREDIT,2023-02-14,NA ,NA
MANGASOF,2023-02-14,NA ,NA
MANJEERA,2023-02-14,NA ,NA
MANOMAY,2023-02-14,NA ,NA
MARATHON,2023-02-14,NA ,NA
MARBLE,2023-02-14,NA ,NA
MARG,2023-02-14,NA ,NA
MAWANASUG,2023-02-14,NA ,NA
MAXHEIGHTS,2023-02-14,NA ,NA
MAXIMUS,2023-02-14,NA ,NA
MBLINFRA,2023-02-14,NA ,NA
MCCHRLS-B,2023-02-14,NA ,NA
MCLEODRUSS,2023-02-14,NA ,NA
MDRNSTL,2023-02-14,NA ,NA
MEGASOFT,2023-02-14,NA ,NA
MEGASTAR,2023-02-14,NA ,NA
MEGLON,2023-02-14,NA ,NA
MEHAI,2023-02-14,NA ,NA
MEP,2023-02-14,NA ,NA
MERCANTILE,2023-02-14,NA ,NA
MERCATOR,2023-02-14,NA ,NA
MERMETL,2023-02-14,NA ,NA
METALCO,2023-02-14,NA ,NA
MFLINDIA,2023-02-14,NA ,NA
MFSINTRCRP,2023-02-14,NA ,NA
MIC,2023-02-14,NA ,NA
MIDWEST,2023-02-14,NA ,NA
MIL,2023-02-14,NA ,NA
MILLENNIUM,2023-02-14,NA ,NA
MINALIND,2023-02-14,NA ,NA
MINFY,2023-02-14,NA ,NA
MKTCREAT,2023-02-14,NA ,NA
MNPLFIN,2023-02-14,NA ,NA
MODINATUR,2023-02-14,NA ,NA
MODIRUBBER,2023-02-14,NA ,NA
MOHOTAIND,2023-02-14,NA ,NA
MORGAN,2023-02-14,NA ,NA
MPAGI,2023-02-14,NA ,NA
MPCOSEMB,2023-02-14,NA ,NA
MRCAGRO,2023-02-14,NA ,NA
MRUTR,2023-02-14,NA ,NA
MSPL,2023-02-14,NA ,NA
MSRINDIA,2023-02-14,NA ,NA
MTNL,2023-02-14,NA ,NA
MTPL,2023-02-14,NA ,NA
MUFIN,2023-02-14,NA ,NA
MUKTA,2023-02-14,NA ,NA
MUL,2023-02-14,NA ,NA
MULTIIN,2023-02-14,NA ,NA
MUNCAPM,2023-02-14,NA ,NA
MUZALI,2023-02-14,NA ,NA
MVCOTSP,2023-02-14,NA ,NA
NAGREEKEXP,2023-02-14,NA ,NA
NAM,2023-02-14,NA ,NA
NAPL,2023-02-14,NA ,NA
NARAYANI,2023-02-14,NA ,NA
NATGENI,2023-02-14,NA ,NA
NATHBIOGEN,2023-02-14,NA ,NA
NATHIND,2023-02-14,NA ,NA
NATPEROX,2023-02-14,NA ,NA
NBCC,2023-02-14,NA ,NA
NEAGI,2023-02-14,NA ,NA
NECCLTD,2023-02-14,NA ,NA
NECLIFE,2023-02-14,NA ,NA
NEELKAN,2023-02-14,NA ,NA
NEGOTIUM,2023-02-14,NA ,NA
NEWINFRA,2023-02-14,NA ,NA
NEXUSSURGL,2023-02-14,NA ,NA
NGIND,2023-02-14,NA ,NA
NHIT,2023-02-14,NA ,NA
NICCOUCO,2023-02-14,NA ,NA
NILACHAL,2023-02-14,NA ,NA
NILKAMAL,2023-02-14,NA ,NA
NIRAVCOM,2023-02-14,NA ,NA
NIWASSP,2023-02-14,NA ,NA
NMDC,2023-02-14,NA ,NA
NNTL,2023-02-14,NA ,NA
NOGMIND,2023-02-14,NA ,NA
NOIDATOLL,2023-02-14,NA ,NA
NORTHLINK,2023-02-14,NA ,NA
NPRFIN,2023-02-14,NA ,NA
NUCLEUS,2023-02-14,NA ,NA
NUWAY,2023-02-14,NA ,NA
OASIS,2023-02-14,NA ,NA
OCTAL,2023-02-14,NA ,NA
OIVL,2023-02-14,NA ,NA
OLPCL,2023-02-14,NA ,NA
OLYMPTX,2023-02-14,NA ,NA
OLYMTFI,2023-02-14,NA ,NA
OMANSH,2023-02-14,NA ,NA
OMKARPH,2023-02-14,NA ,NA
OMNIAX,2023-02-14,NA ,NA
OMNITEX,2023-02-14,NA ,NA
ONELIFECAP,2023-02-14,NA ,NA
ONGC,2023-02-14,NA ,NA
OONE,2023-02-14,NA ,NA
OPTIFIN,2023-02-14,NA ,NA
ORICON,2023-02-14,NA ,NA
ORIENTLTD,2023-02-14,NA ,NA
ORIENTTR,2023-02-14,NA ,NA
ORTINLAABS,2023-02-14,NA ,NA
OVOBELE,2023-02-14,NA ,NA
OXYGENTAPH,2023-02-14,NA ,NA
PACT,2023-02-14,NA ,NA
PADALPO,2023-02-14,NA ,NA
PADMALAYAT,2023-02-14,NA ,NA
PANACEABIO,2023-02-14,NA ,NA
PANAFIC,2023-02-14,NA ,NA
PANKAJPIYUS,2023-02-14,NA ,NA
PANORAMA,2023-02-14,NA ,NA
PAOS,2023-02-14,NA ,NA
PARAGONF,2023-02-14,NA ,NA
PARLEIND,2023-02-14,NA ,NA
PARNAXLAB,2023-02-14,NA ,NA
PARSOLI,2023-02-14,NA ,NA
PARSVNATH,2023-02-14,NA ,NA
PBGLOBAL,2023-02-14,NA ,NA
PCCOSMA,2023-02-14,NA ,NA
PCJEWELLER,2023-02-14,NA ,NA
PEARLPOLY,2023-02-14,NA ,NA
PEETISEC,2023-02-14,NA ,NA
PELTD,2023-02-14,NA ,NA
PETPLST,2023-02-14,NA ,NA
PFOCUS,2023-02-14,NA ,NA
PHOENXINTL,2023-02-14,NA ,NA
PHOTOQUP,2023-02-14,NA ,NA
PHYTO,2023-02-14,NA ,NA
PIIND,2023-02-14,NA ,NA
PITHP,2023-02-14,NA ,NA
PITTIENG,2023-02-14,NA ,NA
PMCFIN,2023-02-14,NA ,NA
PMTELELIN,2023-02-14,NA ,NA
PNCINFRA,2023-02-14,NA ,NA
PODDAR,2023-02-14,NA ,NA
POKARNA,2023-02-14,NA ,NA
POLSON,2023-02-14,NA ,NA
PPL,2023-02-14,NA ,NA
PRADHIN,2023-02-14,NA ,NA
PRAKASHSTL,2023-02-14,NA ,NA
PRATIK,2023-02-14,NA ,NA
PRECISION,2023-02-14,NA ,NA
PREMIER,2023-02-14,NA ,NA
PRESTIGE,2023-02-14,NA ,NA
PRIMAGR,2023-02-14,NA ,NA
PRIMAIN,2023-02-14,NA ,NA
PRIMAPLA,2023-02-14,NA ,NA
PRIYALT,2023-02-14,NA ,NA
PROFINC,2023-02-14,NA ,NA
PROMACT,2023-02-14,NA ,NA
PROZONINTU,2023-02-14,NA ,NA
PRUDMOULI,2023-02-14,NA ,NA
PSITINFRA,2023-02-14,NA ,NA
PUROHITCON,2023-02-14,NA ,NA
PURPLE,2023-02-14,NA ,NA
PURSHOTTAM,2023-02-14,NA ,NA
PVVINFRA,2023-02-14,NA ,NA
QFSL,2023-02-14,NA ,NA
QUANTBUILD,2023-02-14,NA ,NA
RADAAN,2023-02-14,NA ,NA
RADICO,2023-02-14,NA ,NA
RAINBOWF,2023-02-14,NA ,NA
RAJABAH,2023-02-14,NA ,NA
RAJESHEXPO,2023-02-14,NA ,NA
RAJKOTINV,2023-02-14,NA ,NA
RAJOIL,2023-02-14,NA ,NA
RAJPACK,2023-02-14,NA ,NA
RAJRAYON,2023-02-14,NA ,NA
RAJSPTR,2023-02-14,NA ,NA
RAJTV,2023-02-14,NA ,NA
RAMANEWS,2023-02-14,NA ,NA
RAMAPHO,2023-02-14,NA ,NA
RAMAPPR-B,2023-02-14,NA ,NA
RAMASIGNS,2023-02-14,NA ,NA
RAMASTEEL,2023-02-14,NA ,NA
RAMINFO,2023-02-14,NA ,NA
RANDER,2023-02-14,NA ,NA
RANEHOLDIN,2023-02-14,NA ,NA
RAP,2023-02-14,NA ,NA
RAPICUT,2023-02-14,NA ,NA
RAPIDIN,2023-02-14,NA ,NA
RASSIREF,2023-02-14,NA ,NA
RAWEDGE,2023-02-14,NA ,NA
RCCL,2023-02-14,NA ,NA
RCOM,2023-02-14,NA ,NA
RELIABVEN,2023-02-14,NA ,NA
RELSIND,2023-02-14,NA ,NA
RESPONSINF,2023-02-14,NA ,NA
RGF,2023-02-14,NA ,NA
RGIL,2023-02-14,NA ,NA
RICOAUTO,2023-02-14,NA ,NA
RIDDHI,2023-02-14,NA ,NA
RIDDHICORP,2023-02-14,NA ,NA
RISHYRN,2023-02-14,NA ,NA
ROOPAIND,2023-02-14,NA ,NA
ROYALCU,2023-02-14,NA ,NA
ROYALIND,2023-02-14,NA ,NA
RPIL,2023-02-14,NA ,NA
RSDFIN,2023-02-14,NA ,NA
RTEXPO,2023-02-14,NA ,NA
RTSPOWR,2023-02-14,NA ,NA
S&SPOWER,2023-02-14,NA ,NA
SABTN,2023-02-14,NA ,NA
SADBHAV,2023-02-14,NA ,NA
SADBHIN,2023-02-14,NA ,NA
SADHNANIQ,2023-02-14,NA ,NA
SAGRSOY-B,2023-02-14,NA ,NA
SAHARAHOUS,2023-02-14,NA ,NA
SAICAPI,2023-02-14,NA ,NA
SAICOM,2023-02-14,NA ,NA
SAINIK,2023-02-14,NA ,NA
SAKHTISUG,2023-02-14,NA ,NA
SAKUMA,2023-02-14,NA ,NA
SALEM,2023-02-14,NA ,NA
SAMRATPH,2023-02-14,NA ,NA
SAMTELIN,2023-02-14,NA ,NA
SAMYAKINT,2023-02-14,NA ,NA
SANCTRN,2023-02-14,NA ,NA
SANDESH,2023-02-14,NA ,NA
SANDUPHQ,2023-02-14,NA ,NA
SANGHIIND,2023-02-14,NA ,NA
SANJIVIN,2023-02-14,NA ,NA
SANTOSHF,2023-02-14,NA ,NA
SAPPL,2023-02-14,NA ,NA
SARTHAKIND,2023-02-14,NA ,NA
SARUPINDUS,2023-02-14,NA ,NA
SARVESHWAR,2023-02-14,NA ,NA
SASTASUNDR,2023-02-14,NA ,NA
SAYAJIHOTL,2023-02-14,NA ,NA
SBECSUG,2023-02-14,NA ,NA
SBECSYS,2023-02-14,NA ,NA
SCAGRO,2023-02-14,NA ,NA
SCANPGEOM,2023-02-14,NA ,NA
SCOOBEEDAY,2023-02-14,NA ,NA
SEASONF,2023-02-14,NA ,NA
SEASONST,2023-02-14,NA ,NA
SECHE,2023-02-14,NA ,NA
SEQUENT,2023-02-14,NA ,NA
SETCO,2023-02-14,NA ,NA
SEYAIND,2023-02-14,NA ,NA
SFTL,2023-02-14,NA ,NA
SGIL,2023-02-14,NA ,NA
SGNTE,2023-02-14,NA ,NA
SHAHCON,2023-02-14,NA ,NA
SHALIWIR,2023-02-14,NA ,NA
SHARDUL,2023-02-14,NA ,NA
SHARIKA,2023-02-14,NA ,NA
SHARP,2023-02-14,NA ,NA
SHARPINV,2023-02-14,NA ,NA
SHASHANK,2023-02-14,NA ,NA
SHBAJRG,2023-02-14,NA ,NA
SHEETAL,2023-02-14,NA ,NA
SHERVANI,2023-02-14,NA ,NA
SHHARICH,2023-02-14,NA ,NA
SHIKHAR,2023-02-14,NA ,NA
SHILPAMED,2023-02-14,NA ,NA
SHIVA,2023-02-14,NA ,NA
SHKALYN,2023-02-14,NA ,NA
SHRADDHA,2023-02-14,NA ,NA
SHREEGANES,2023-02-14,NA ,NA
SHREESEC,2023-02-14,NA ,NA
SHREYAS,2023-02-14,NA ,NA
SHRIDINE,2023-02-14,NA ,NA
SHRIKRISH,2023-02-14,NA ,NA
SHRIRAMPPS,2023-02-14,NA ,NA
SHRISTI,2023-02-14,NA ,NA
SHRJAGP,2023-02-14,NA ,NA
SHUBHAM,2023-02-14,NA ,NA
SHUKJEW,2023-02-14,NA ,NA
SHUKRAPHAR,2023-02-14,NA ,NA
SHYAMAINFO,2023-02-14,NA ,NA
SHYAMMETL,2023-02-14,NA ,NA
SIDDHEGA,2023-02-14,NA ,NA
SIDH,2023-02-14,NA ,NA
SIEMENS,2023-02-14,NA ,NA
SIGNETIND,2023-02-14,NA ,NA
SILICON,2023-02-14,NA ,NA
SILVOAK,2023-02-14,NA ,NA
SIMMOND,2023-02-14,NA ,NA
SIMPLEXINF,2023-02-14,NA ,NA
SINCLAIR,2023-02-14,NA ,NA
SINNAR,2023-02-14,NA ,NA
SKPMIL,2023-02-14,NA ,NA
SKRABUL,2023-02-14,NA ,NA
SMCREDT,2023-02-14,NA ,NA
SNTCL,2023-02-14,NA ,NA
SOBME,2023-02-14,NA ,NA
SOMICONV,2023-02-14,NA ,NA
SOUTHERNIN,2023-02-14,NA ,NA
SPACAPS,2023-02-14,NA ,NA
SPAR,2023-02-14,NA ,NA
SPECTRA,2023-02-14,NA ,NA
SPELS,2023-02-14,NA ,NA
SPENCER,2023-02-14,NA ,NA
SPENTA,2023-02-14,NA ,NA
SPICEJET,2023-02-14,NA ,NA
SRD,2023-02-14,NA ,NA
SREEL,2023-02-14,NA ,NA
SRHHYPOLTD,2023-02-14,NA ,NA
SRIKPRIND,2023-02-14,NA ,NA
SRIND,2023-02-14,NA ,NA
SRMCL,2023-02-14,NA ,NA
STARLOG,2023-02-14,NA ,NA
STDSFAC,2023-02-14,NA ,NA
STEELXIND,2023-02-14,NA ,NA
SUCHITRA,2023-02-14,NA ,NA
SUDAI,2023-02-14,NA ,NA
SUDIN,2023-02-14,NA ,NA
SUDTIND-B,2023-02-14,NA ,NA
SUJALA,2023-02-14,NA ,NA
SUMEETINDS,2023-02-14,NA ,NA
SUNCITYSY,2023-02-14,NA ,NA
SUNILTX,2023-02-14,NA ,NA
SUNLOC,2023-02-14,NA ,NA
SUPDF,2023-02-14,NA ,NA
SUPERBAK,2023-02-14,NA ,NA
SUPRAP,2023-02-14,NA ,NA
SUPRATRE,2023-02-14,NA ,NA
SUPRIYA,2023-02-14,NA ,NA
SUPTANERY,2023-02-14,NA ,NA
SURANAT&P,2023-02-14,NA ,NA
SURATEX,2023-02-14,NA ,NA
SURFUNC,2023-02-14,NA ,NA
SURYAKR,2023-02-14,NA ,NA
SURYALAXMI,2023-02-14,NA ,NA
SVAMSOF,2023-02-14,NA ,NA
SVARTCORP,2023-02-14,NA ,NA
SVRL,2023-02-14,NA ,NA
SWADEIN,2023-02-14,NA ,NA
SWANENERGY,2023-02-14,NA ,NA
SWARNSAR,2023-02-14,NA ,NA
SWASTIVI,2023-02-14,NA ,NA
SWOEF,2023-02-14,NA ,NA
TAALENT,2023-02-14,NA ,NA
TAKE,2023-02-14,NA ,NA
TARMAT,2023-02-14,NA ,NA
TCNSBRANDS,2023-02-14,NA ,NA
TDSL,2023-02-14,NA ,NA
TECHNOE,2023-02-14,NA ,NA
TELECANOR,2023-02-14,NA ,NA
TERAI,2023-02-14,NA ,NA
TERASOFT,2023-02-14,NA ,NA
TEXELIN,2023-02-14,NA ,NA
TFL,2023-02-14,NA ,NA
TFLL,2023-02-14,NA ,NA
TGBHOTELS,2023-02-14,NA ,NA
THAKDEV,2023-02-14,NA ,NA
THAKRAL,2023-02-14,NA ,NA
THINKINK,2023-02-14,NA ,NA
THOMASCOTT,2023-02-14,NA ,NA
TIDEWATER,2023-02-14,NA ,NA
TIGLOB,2023-02-14,NA ,NA
TIJARIA,2023-02-14,NA ,NA
TIMETECHNO,2023-02-14,NA ,NA
TIRSARJ,2023-02-14,NA ,NA
TIRTPLS,2023-02-14,NA ,NA
TORNTPOWER,2023-02-14,NA ,NA
TPINDIA,2023-02-14,NA ,NA
TRABI,2023-02-14,NA ,NA
TRESCON,2023-02-14,NA ,NA
TRIOMERC,2023-02-14,NA ,NA
TRITON,2023-02-14,NA ,NA
TRITONV,2023-02-14,NA ,NA
TULIVE,2023-02-14,NA ,NA
UFLEX,2023-02-14,NA ,NA
UFMINDL,2023-02-14,NA ,NA
UNIAUTO,2023-02-14,NA ,NA
UNIPARTS,2023-02-14,NA ,NA
UNIPHOS,2023-02-14,NA ,NA
UNIROYAL,2023-02-14,NA ,NA
UNISON,2023-02-14,NA ,NA
UNITDCR,2023-02-14,NA ,NA
UNITEDINT,2023-02-14,NA ,NA
UNIVAFOODS,2023-02-14,NA ,NA
UNIWSEC,2023-02-14,NA ,NA
UNQTYMI,2023-02-14,NA ,NA
UPHOT,2023-02-14,NA ,NA
UPSURGE,2023-02-14,NA ,NA
USHAKIRA,2023-02-14,NA ,NA
UTIQUE,2023-02-14,NA ,NA
UVDRHOR,2023-02-14,NA ,NA
VAARAD,2023-02-14,NA ,NA
VADIDAI,2023-02-14,NA ,NA
VAICC,2023-02-14,NA ,NA
VALECHAENG,2023-02-14,NA ,NA
VALLABHSQ,2023-02-14,NA ,NA
VALSONQ,2023-02-14,NA ,NA
VAMA,2023-02-14,NA ,NA
VAPIPPR,2023-02-14,NA ,NA
VARDHANCFL,2023-02-14,NA ,NA
VASUPRADA,2023-02-14,NA ,NA
VASWANI,2023-02-14,NA ,NA
VBCFERROQ,2023-02-14,NA ,NA
VELJAN,2023-02-14,NA ,NA
VELOXIND,2023-02-14,NA ,NA
VENLONENT,2023-02-14,NA ,NA
VERONICAPRO,2023-02-14,NA ,NA
VETO,2023-02-14,NA ,NA
VICTMILL,2023-02-14,NA ,NA
VIJAYTX,2023-02-14,NA ,NA
VIJSOLX,2023-02-14,NA ,NA
VIKALPS,2023-02-14,NA ,NA
VINEETLAB,2023-02-14,NA ,NA
VINNY,2023-02-14,NA ,NA
VIPUL,2023-02-14,NA ,NA
VIPULORG,2023-02-14,NA ,NA
VIRTUALS,2023-02-14,NA ,NA
VIRYA,2023-02-14,NA ,NA
VJTFEDU,2023-02-14,NA ,NA
VRL,2023-02-14,NA ,NA
VRWODAR,2023-02-14,NA ,NA
VSFPROJ,2023-02-14,NA ,NA
WANBURY,2023-02-14,NA ,NA
WEBELSOLAR,2023-02-14,NA ,NA
WELCURE,2023-02-14,NA ,NA
WHITEORG,2023-02-14,NA ,NA
WINPRO,2023-02-14,NA ,NA
WINROC,2023-02-14,NA ,NA
WINSOME,2023-02-14,NA ,NA
WISEC,2023-02-14,NA ,NA
WOMENNET,2023-02-14,NA ,NA
XELPMOC,2023-02-14,NA ,NA
YOGISUNG,2023-02-14,NA ,NA
YORKEXP,2023-02-14,NA ,NA
YSL,2023-02-14,NA ,NA
YUKEN,2023-02-14,NA ,NA
YUVRAAJHPL,2023-02-14,NA ,NA
ZDHJERK,2023-02-14,NA ,NA
ZEAL,2023-02-14,NA ,NA
ZEEMEDIA,2023-02-14,NA ,NA
ZENITHSTL,2023-02-14,NA ,NA
ZEXDONTR,2023-02-14,NA ,NA
ZGOLDINV,2023-02-14,NA ,NA
ZHINDHSG,2023-02-14,NA ,NA
ZMILGFIN,2023-02-14,NA ,NA
ZODIACLOTH,2023-02-14,NA ,NA
ZSARVAMA,2023-02-14,NA ,NA
ZSUBWAYF,2023-02-14,NA ,NA
CRAZYINF,2023-02-15,NA ,NA
JBFIND,2023-02-15,NA ,NA
VELOXIND,2023-02-15,NA ,NA
VISIONCINE,2023-02-15,NA ,NA
VKAL,2023-02-15,NA ,NA
NESTLEIND,2023-02-16,NA ,NA
SCHAEFFLER,2023-02-16,NA ,NA
CRISIL,2023-02-17,NA ,NA
SHARDFI,2023-02-20,NA ,NA
ELANTAS,2023-02-21,NA ,NA
MAHINDCIE,2023-02-22,NA ,NA
KSB,2023-02-23,NA ,NA
SANOFI,2023-02-23,NA ,NA
RAIN,2023-02-27,NA ,NA